cod;nome;per√≠odo;ipeahomicidio-de-jovens-por-armas-de-fogo;ipeahomicidios-de-homens-por-armas-de-fogo;ipeahomicidios-de-jovens-homens;ipeahomicidios-de-jovens-mulheres;ipeahomicidios-de-jovens;ipeahomicidios-de-mulheres-por-armas-de-fogo;ipeahomicidios-homens-nao-negros;ipeahomicidios-homens-negros;ipeahomicidios-homens;ipeahomicidios-mulheres-nao-negras;ipeahomicidios-mulheres-negras;ipeahomicidios-mulheres;ipeahomicidios-nao-negros;ipeahomicidios-negros;ipeahomicidios-por-armas-de-fogo;ipeahomicidios
53;DF;1989;331;331;331;331;331;331;331;331;331;331;331;331;331;331;331;331
11;RO;1989;490;490;490;490;490;490;490;490;490;490;490;490;490;490;490;490
12;AC;1989;95;95;95;95;95;95;95;95;95;95;95;95;95;95;95;95
13;AM;1989;321;321;321;321;321;321;321;321;321;321;321;321;321;321;321;321
14;RR;1989;113;113;113;113;113;113;113;113;113;113;113;113;113;113;113;113
15;PA;1989;666;666;666;666;666;666;666;666;666;666;666;666;666;666;666;666
16;AP;1989;39;39;39;39;39;39;39;39;39;39;39;39;39;39;39;39
17;TO;1989;63;63;63;63;63;63;63;63;63;63;63;63;63;63;63;63
21;MA;1989;411;411;411;411;411;411;411;411;411;411;411;411;411;411;411;411
22;PI;1989;142;142;142;142;142;142;142;142;142;142;142;142;142;142;142;142
23;CE;1989;607;607;607;607;607;607;607;607;607;607;607;607;607;607;607;607
24;RN;1989;236;236;236;236;236;236;236;236;236;236;236;236;236;236;236;236
25;PB;1989;461;461;461;461;461;461;461;461;461;461;461;461;461;461;461;461
26;PE;1989;2553;2553;2553;2553;2553;2553;2553;2553;2553;2553;2553;2553;2553;2553;2553;2553
27;AL;1989;805;805;805;805;805;805;805;805;805;805;805;805;805;805;805;805
28;SE;1989;139;139;139;139;139;139;139;139;139;139;139;139;139;139;139;139
29;BA;1989;1086;1086;1086;1086;1086;1086;1086;1086;1086;1086;1086;1086;1086;1086;1086;1086
31;MG;1989;1216;1216;1216;1216;1216;1216;1216;1216;1216;1216;1216;1216;1216;1216;1216;1216
32;ES;1989;845;845;845;845;845;845;845;845;845;845;845;845;845;845;845;845
33;RJ;1989;4290;4290;4290;4290;4290;4290;4290;4290;4290;4290;4290;4290;4290;4290;4290;4290
35;SP;1989;9179;9179;9179;9179;9179;9179;9179;9179;9179;9179;9179;9179;9179;9179;9179;9179
41;PR;1989;1112;1112;1112;1112;1112;1112;1112;1112;1112;1112;1112;1112;1112;1112;1112;1112
42;SC;1989;354;354;354;354;354;354;354;354;354;354;354;354;354;354;354;354
43;RS;1989;1561;1561;1561;1561;1561;1561;1561;1561;1561;1561;1561;1561;1561;1561;1561;1561
50;MS;1989;371;371;371;371;371;371;371;371;371;371;371;371;371;371;371;371
51;MT;1989;471;471;471;471;471;471;471;471;471;471;471;471;471;471;471;471
52;GO;1989;810;810;810;810;810;810;810;810;810;810;810;810;810;810;810;810
43;RS;1990;1704;1704;1704;1704;1704;1704;1704;1704;1704;1704;1704;1704;1704;1704;1704;1704
11;RO;1990;555;555;555;555;555;555;555;555;555;555;555;555;555;555;555;555
12;AC;1990;64;64;64;64;64;64;64;64;64;64;64;64;64;64;64;64
13;AM;1990;367;367;367;367;367;367;367;367;367;367;367;367;367;367;367;367
14;RR;1990;127;127;127;127;127;127;127;127;127;127;127;127;127;127;127;127
15;PA;1990;748;748;748;748;748;748;748;748;748;748;748;748;748;748;748;748
16;AP;1990;46;46;46;46;46;46;46;46;46;46;46;46;46;46;46;46
17;TO;1990;54;54;54;54;54;54;54;54;54;54;54;54;54;54;54;54
21;MA;1990;442;442;442;442;442;442;442;442;442;442;442;442;442;442;442;442
22;PI;1990;109;109;109;109;109;109;109;109;109;109;109;109;109;109;109;109
23;CE;1990;555;555;555;555;555;555;555;555;555;555;555;555;555;555;555;555
24;RN;1990;200;200;200;200;200;200;200;200;200;200;200;200;200;200;200;200
25;PB;1990;440;440;440;440;440;440;440;440;440;440;440;440;440;440;440;440
26;PE;1990;2742;2742;2742;2742;2742;2742;2742;2742;2742;2742;2742;2742;2742;2742;2742;2742
27;AL;1990;719;719;719;719;719;719;719;719;719;719;719;719;719;719;719;719
28;SE;1990;151;151;151;151;151;151;151;151;151;151;151;151;151;151;151;151
29;BA;1990;867;867;867;867;867;867;867;867;867;867;867;867;867;867;867;867
31;MG;1990;1178;1178;1178;1178;1178;1178;1178;1178;1178;1178;1178;1178;1178;1178;1178;1178
32;ES;1990;881;881;881;881;881;881;881;881;881;881;881;881;881;881;881;881
33;RJ;1990;7101;7101;7101;7101;7101;7101;7101;7101;7101;7101;7101;7101;7101;7101;7101;7101
35;SP;1990;9503;9503;9503;9503;9503;9503;9503;9503;9503;9503;9503;9503;9503;9503;9503;9503
41;PR;1990;1167;1167;1167;1167;1167;1167;1167;1167;1167;1167;1167;1167;1167;1167;1167;1167
42;SC;1990;388;388;388;388;388;388;388;388;388;388;388;388;388;388;388;388
50;MS;1990;348;348;348;348;348;348;348;348;348;348;348;348;348;348;348;348
51;MT;1990;415;415;415;415;415;415;415;415;415;415;415;415;415;415;415;415
52;GO;1990;681;681;681;681;681;681;681;681;681;681;681;681;681;681;681;681
53;DF;1990;463;463;463;463;463;463;463;463;463;463;463;463;463;463;463;463
52;GO;1991;852;852;852;852;852;852;852;852;852;852;852;852;852;852;852;852
11;RO;1991;491;491;491;491;491;491;491;491;491;491;491;491;491;491;491;491
12;AC;1991;106;106;106;106;106;106;106;106;106;106;106;106;106;106;106;106
13;AM;1991;403;403;403;403;403;403;403;403;403;403;403;403;403;403;403;403
14;RR;1991;79;79;79;79;79;79;79;79;79;79;79;79;79;79;79;79
15;PA;1991;810;810;810;810;810;810;810;810;810;810;810;810;810;810;810;810
16;AP;1991;54;54;54;54;54;54;54;54;54;54;54;54;54;54;54;54
17;TO;1991;92;92;92;92;92;92;92;92;92;92;92;92;92;92;92;92
21;MA;1991;470;470;470;470;470;470;470;470;470;470;470;470;470;470;470;470
22;PI;1991;103;103;103;103;103;103;103;103;103;103;103;103;103;103;103;103
23;CE;1991;607;607;607;607;607;607;607;607;607;607;607;607;607;607;607;607
24;RN;1991;219;219;219;219;219;219;219;219;219;219;219;219;219;219;219;219
25;PB;1991;401;401;401;401;401;401;401;401;401;401;401;401;401;401;401;401
26;PE;1991;2944;2944;2944;2944;2944;2944;2944;2944;2944;2944;2944;2944;2944;2944;2944;2944
27;AL;1991;665;665;665;665;665;665;665;665;665;665;665;665;665;665;665;665
28;SE;1991;317;317;317;317;317;317;317;317;317;317;317;317;317;317;317;317
29;BA;1991;596;596;596;596;596;596;596;596;596;596;596;596;596;596;596;596
31;MG;1991;1232;1232;1232;1232;1232;1232;1232;1232;1232;1232;1232;1232;1232;1232;1232;1232
32;ES;1991;968;968;968;968;968;968;968;968;968;968;968;968;968;968;968;968
33;RJ;1991;5055;5055;5055;5055;5055;5055;5055;5055;5055;5055;5055;5055;5055;5055;5055;5055
35;SP;1991;9685;9685;9685;9685;9685;9685;9685;9685;9685;9685;9685;9685;9685;9685;9685;9685
41;PR;1991;1225;1225;1225;1225;1225;1225;1225;1225;1225;1225;1225;1225;1225;1225;1225;1225
42;SC;1991;355;355;355;355;355;355;355;355;355;355;355;355;355;355;355;355
53;DF;1991;489;489;489;489;489;489;489;489;489;489;489;489;489;489;489;489
43;RS;1991;1694;1694;1694;1694;1694;1694;1694;1694;1694;1694;1694;1694;1694;1694;1694;1694
50;MS;1991;388;388;388;388;388;388;388;388;388;388;388;388;388;388;388;388
51;MT;1991;452;452;452;452;452;452;452;452;452;452;452;452;452;452;452;452
26;PE;1992;2531;2531;2531;2531;2531;2531;2531;2531;2531;2531;2531;2531;2531;2531;2531;2531
11;RO;1992;395;395;395;395;395;395;395;395;395;395;395;395;395;395;395;395
12;AC;1992;107;107;107;107;107;107;107;107;107;107;107;107;107;107;107;107
13;AM;1992;351;351;351;351;351;351;351;351;351;351;351;351;351;351;351;351
14;RR;1992;95;95;95;95;95;95;95;95;95;95;95;95;95;95;95;95
15;PA;1992;759;759;759;759;759;759;759;759;759;759;759;759;759;759;759;759
16;AP;1992;73;73;73;73;73;73;73;73;73;73;73;73;73;73;73;73
17;TO;1992;67;67;67;67;67;67;67;67;67;67;67;67;67;67;67;67
21;MA;1992;427;427;427;427;427;427;427;427;427;427;427;427;427;427;427;427
22;PI;1992;92;92;92;92;92;92;92;92;92;92;92;92;92;92;92;92
23;CE;1992;537;537;537;537;537;537;537;537;537;537;537;537;537;537;537;537
24;RN;1992;199;199;199;199;199;199;199;199;199;199;199;199;199;199;199;199
25;PB;1992;355;355;355;355;355;355;355;355;355;355;355;355;355;355;355;355
27;AL;1992;591;591;591;591;591;591;591;591;591;591;591;591;591;591;591;591
28;SE;1992;461;461;461;461;461;461;461;461;461;461;461;461;461;461;461;461
29;BA;1992;840;840;840;840;840;840;840;840;840;840;840;840;840;840;840;840
31;MG;1992;1131;1131;1131;1131;1131;1131;1131;1131;1131;1131;1131;1131;1131;1131;1131;1131
32;ES;1992;839;839;839;839;839;839;839;839;839;839;839;839;839;839;839;839
33;RJ;1992;4536;4536;4536;4536;4536;4536;4536;4536;4536;4536;4536;4536;4536;4536;4536;4536
35;SP;1992;9116;9116;9116;9116;9116;9116;9116;9116;9116;9116;9116;9116;9116;9116;9116;9116
41;PR;1992;1092;1092;1092;1092;1092;1092;1092;1092;1092;1092;1092;1092;1092;1092;1092;1092
42;SC;1992;361;361;361;361;361;361;361;361;361;361;361;361;361;361;361;361
43;RS;1992;1570;1570;1570;1570;1570;1570;1570;1570;1570;1570;1570;1570;1570;1570;1570;1570
50;MS;1992;423;423;423;423;423;423;423;423;423;423;423;423;423;423;423;423
51;MT;1992;355;355;355;355;355;355;355;355;355;355;355;355;355;355;355;355
52;GO;1992;828;828;828;828;828;828;828;828;828;828;828;828;828;828;828;828
53;DF;1992;424;424;424;424;424;424;424;424;424;424;424;424;424;424;424;424
53;DF;1993;553;553;553;553;553;553;553;553;553;553;553;553;553;553;553;553
11;RO;1993;498;498;498;498;498;498;498;498;498;498;498;498;498;498;498;498
12;AC;1993;116;116;116;116;116;116;116;116;116;116;116;116;116;116;116;116
13;AM;1993;350;350;350;350;350;350;350;350;350;350;350;350;350;350;350;350
14;RR;1993;69;69;69;69;69;69;69;69;69;69;69;69;69;69;69;69
15;PA;1993;623;623;623;623;623;623;623;623;623;623;623;623;623;623;623;623
16;AP;1993;66;66;66;66;66;66;66;66;66;66;66;66;66;66;66;66
17;TO;1993;93;93;93;93;93;93;93;93;93;93;93;93;93;93;93;93
21;MA;1993;394;394;394;394;394;394;394;394;394;394;394;394;394;394;394;394
22;PI;1993;117;117;117;117;117;117;117;117;117;117;117;117;117;117;117;117
23;CE;1993;702;702;702;702;702;702;702;702;702;702;702;702;702;702;702;702
24;RN;1993;243;243;243;243;243;243;243;243;243;243;243;243;243;243;243;243
25;PB;1993;365;365;365;365;365;365;365;365;365;365;365;365;365;365;365;365
26;PE;1993;2763;2763;2763;2763;2763;2763;2763;2763;2763;2763;2763;2763;2763;2763;2763;2763
27;AL;1993;619;619;619;619;619;619;619;619;619;619;619;619;619;619;619;619
28;SE;1993;312;312;312;312;312;312;312;312;312;312;312;312;312;312;312;312
29;BA;1993;1503;1503;1503;1503;1503;1503;1503;1503;1503;1503;1503;1503;1503;1503;1503;1503
31;MG;1993;1211;1211;1211;1211;1211;1211;1211;1211;1211;1211;1211;1211;1211;1211;1211;1211
32;ES;1993;1098;1098;1098;1098;1098;1098;1098;1098;1098;1098;1098;1098;1098;1098;1098;1098
33;RJ;1993;5367;5367;5367;5367;5367;5367;5367;5367;5367;5367;5367;5367;5367;5367;5367;5367
35;SP;1993;9224;9224;9224;9224;9224;9224;9224;9224;9224;9224;9224;9224;9224;9224;9224;9224
41;PR;1993;1237;1237;1237;1237;1237;1237;1237;1237;1237;1237;1237;1237;1237;1237;1237;1237
42;SC;1993;371;371;371;371;371;371;371;371;371;371;371;371;371;371;371;371
43;RS;1993;1177;1177;1177;1177;1177;1177;1177;1177;1177;1177;1177;1177;1177;1177;1177;1177
50;MS;1993;457;457;457;457;457;457;457;457;457;457;457;457;457;457;457;457
51;MT;1993;356;356;356;356;356;356;356;356;356;356;356;356;356;356;356;356
52;GO;1993;734;734;734;734;734;734;734;734;734;734;734;734;734;734;734;734
43;RS;1994;1334;1334;1334;1334;1334;1334;1334;1334;1334;1334;1334;1334;1334;1334;1334;1334
11;RO;1994;399;399;399;399;399;399;399;399;399;399;399;399;399;399;399;399
12;AC;1994;88;88;88;88;88;88;88;88;88;88;88;88;88;88;88;88
13;AM;1994;387;387;387;387;387;387;387;387;387;387;387;387;387;387;387;387
14;RR;1994;78;78;78;78;78;78;78;78;78;78;78;78;78;78;78;78
15;PA;1994;716;716;716;716;716;716;716;716;716;716;716;716;716;716;716;716
16;AP;1994;125;125;125;125;125;125;125;125;125;125;125;125;125;125;125;125
17;TO;1994;109;109;109;109;109;109;109;109;109;109;109;109;109;109;109;109
21;MA;1994;314;314;314;314;314;314;314;314;314;314;314;314;314;314;314;314
22;PI;1994;99;99;99;99;99;99;99;99;99;99;99;99;99;99;99;99
23;CE;1994;636;636;636;636;636;636;636;636;636;636;636;636;636;636;636;636
24;RN;1994;211;211;211;211;211;211;211;211;211;211;211;211;211;211;211;211
25;PB;1994;385;385;385;385;385;385;385;385;385;385;385;385;385;385;385;385
26;PE;1994;2593;2593;2593;2593;2593;2593;2593;2593;2593;2593;2593;2593;2593;2593;2593;2593
27;AL;1994;615;615;615;615;615;615;615;615;615;615;615;615;615;615;615;615
28;SE;1994;344;344;344;344;344;344;344;344;344;344;344;344;344;344;344;344
29;BA;1994;1739;1739;1739;1739;1739;1739;1739;1739;1739;1739;1739;1739;1739;1739;1739;1739
31;MG;1994;1118;1118;1118;1118;1118;1118;1118;1118;1118;1118;1118;1118;1118;1118;1118;1118
32;ES;1994;1166;1166;1166;1166;1166;1166;1166;1166;1166;1166;1166;1166;1166;1166;1166;1166
33;RJ;1994;6420;6420;6420;6420;6420;6420;6420;6420;6420;6420;6420;6420;6420;6420;6420;6420
35;SP;1994;9981;9981;9981;9981;9981;9981;9981;9981;9981;9981;9981;9981;9981;9981;9981;9981
41;PR;1994;1260;1260;1260;1260;1260;1260;1260;1260;1260;1260;1260;1260;1260;1260;1260;1260
42;SC;1994;346;346;346;346;346;346;346;346;346;346;346;346;346;346;346;346
50;MS;1994;522;522;522;522;522;522;522;522;522;522;522;522;522;522;522;522
51;MT;1994;316;316;316;316;316;316;316;316;316;316;316;316;316;316;316;316
52;GO;1994;774;774;774;774;774;774;774;774;774;774;774;774;774;774;774;774
53;DF;1994;556;556;556;556;556;556;556;556;556;556;556;556;556;556;556;556
51;MT;1995;583;583;583;583;583;583;583;583;583;583;583;583;583;583;583;583
11;RO;1995;330;330;330;330;330;330;330;330;330;330;330;330;330;330;330;330
12;AC;1995;103;103;103;103;103;103;103;103;103;103;103;103;103;103;103;103
13;AM;1995;425;425;425;425;425;425;425;425;425;425;425;425;425;425;425;425
14;RR;1995;87;87;87;87;87;87;87;87;87;87;87;87;87;87;87;87
15;PA;1995;700;700;700;700;700;700;700;700;700;700;700;700;700;700;700;700
16;AP;1995;124;124;124;124;124;124;124;124;124;124;124;124;124;124;124;124
17;TO;1995;77;77;77;77;77;77;77;77;77;77;77;77;77;77;77;77
21;MA;1995;385;385;385;385;385;385;385;385;385;385;385;385;385;385;385;385
22;PI;1995;114;114;114;114;114;114;114;114;114;114;114;114;114;114;114;114
23;CE;1995;845;845;845;845;845;845;845;845;845;845;845;845;845;845;845;845
24;RN;1995;247;247;247;247;247;247;247;247;247;247;247;247;247;247;247;247
25;PB;1995;457;457;457;457;457;457;457;457;457;457;457;457;457;457;457;457
53;DF;1995;629;629;629;629;629;629;629;629;629;629;629;629;629;629;629;629
26;PE;1995;2706;2706;2706;2706;2706;2706;2706;2706;2706;2706;2706;2706;2706;2706;2706;2706
27;AL;1995;742;742;742;742;742;742;742;742;742;742;742;742;742;742;742;742
28;SE;1995;255;255;255;255;255;255;255;255;255;255;255;255;255;255;255;255
29;BA;1995;1536;1536;1536;1536;1536;1536;1536;1536;1536;1536;1536;1536;1536;1536;1536;1536
31;MG;1995;1214;1214;1214;1214;1214;1214;1214;1214;1214;1214;1214;1214;1214;1214;1214;1214
32;ES;1995;1154;1154;1154;1154;1154;1154;1154;1154;1154;1154;1154;1154;1154;1154;1154;1154
33;RJ;1995;8218;8218;8218;8218;8218;8218;8218;8218;8218;8218;8218;8218;8218;8218;8218;8218
35;SP;1995;11555;11555;11555;11555;11555;11555;11555;11555;11555;11555;11555;11555;11555;11555;11555;11555
41;PR;1995;1387;1387;1387;1387;1387;1387;1387;1387;1387;1387;1387;1387;1387;1387;1387;1387
52;GO;1995;784;784;784;784;784;784;784;784;784;784;784;784;784;784;784;784
42;SC;1995;420;420;420;420;420;420;420;420;420;420;420;420;420;420;420;420
43;RS;1995;1439;1439;1439;1439;1439;1439;1439;1439;1439;1439;1439;1439;1439;1439;1439;1439
50;MS;1995;636;636;636;636;636;636;636;636;636;636;636;636;636;636;636;636
26;PE;1996;3022;3022;3022;3022;3022;3022;3022;3022;3022;3022;3022;3022;3022;3022;3022;3022
11;RO;1996;301;301;301;301;301;301;301;301;301;301;301;301;301;301;301;301
12;AC;1996;104;104;104;104;104;104;104;104;104;104;104;104;104;104;104;104
13;AM;1996;450;450;450;450;450;450;450;450;450;450;450;450;450;450;450;450
14;RR;1996;107;107;107;107;107;107;107;107;107;107;107;107;107;107;107;107
15;PA;1996;700;700;700;700;700;700;700;700;700;700;700;700;700;700;700;700
16;AP;1996;157;157;157;157;157;157;157;157;157;157;157;157;157;157;157;157
17;TO;1996;126;126;126;126;126;126;126;126;126;126;126;126;126;126;126;126
21;MA;1996;363;363;363;363;363;363;363;363;363;363;363;363;363;363;363;363
22;PI;1996;117;117;117;117;117;117;117;117;117;117;117;117;117;117;117;117
23;CE;1996;885;885;885;885;885;885;885;885;885;885;885;885;885;885;885;885
24;RN;1996;241;241;241;241;241;241;241;241;241;241;241;241;241;241;241;241
25;PB;1996;636;636;636;636;636;636;636;636;636;636;636;636;636;636;636;636
27;AL;1996;741;741;741;741;741;741;741;741;741;741;741;741;741;741;741;741
28;SE;1996;238;238;238;238;238;238;238;238;238;238;238;238;238;238;238;238
29;BA;1996;1883;1883;1883;1883;1883;1883;1883;1883;1883;1883;1883;1883;1883;1883;1883;1883
31;MG;1996;1261;1261;1261;1261;1261;1261;1261;1261;1261;1261;1261;1261;1261;1261;1261;1261
32;ES;1996;1191;1191;1191;1191;1191;1191;1191;1191;1191;1191;1191;1191;1191;1191;1191;1191
33;RJ;1996;8034;8034;8034;8034;8034;8034;8034;8034;8034;8034;8034;8034;8034;8034;8034;8034
35;SP;1996;12320;12320;12320;12320;12320;12320;12320;12320;12320;12320;12320;12320;12320;12320;12320;12320
41;PR;1996;1379;1379;1379;1379;1379;1379;1379;1379;1379;1379;1379;1379;1379;1379;1379;1379
42;SC;1996;412;412;412;412;412;412;412;412;412;412;412;412;412;412;412;412
43;RS;1996;1482;1482;1482;1482;1482;1482;1482;1482;1482;1482;1482;1482;1482;1482;1482;1482
50;MS;1996;722;722;722;722;722;722;722;722;722;722;722;722;722;722;722;722
51;MT;1996;660;660;660;660;660;660;660;660;660;660;660;660;660;660;660;660
52;GO;1996;782;782;782;782;782;782;782;782;782;782;782;782;782;782;782;782
53;DF;1996;615;615;615;615;615;615;615;615;615;615;615;615;615;615;615;615
25;PB;1997;492;492;492;492;492;492;492;492;492;492;492;492;492;492;492;492
11;RO;1997;355;355;355;355;355;355;355;355;355;355;355;355;355;355;355;355
12;AC;1997;100;100;100;100;100;100;100;100;100;100;100;100;100;100;100;100
13;AM;1997;468;468;468;468;468;468;468;468;468;468;468;468;468;468;468;468
14;RR;1997;90;90;90;90;90;90;90;90;90;90;90;90;90;90;90;90
15;PA;1997;754;754;754;754;754;754;754;754;754;754;754;754;754;754;754;754
16;AP;1997;140;140;140;140;140;140;140;140;140;140;140;140;140;140;140;140
17;TO;1997;112;112;112;112;112;112;112;112;112;112;112;112;112;112;112;112
21;MA;1997;333;333;333;333;333;333;333;333;333;333;333;333;333;333;333;333
22;PI;1997;142;142;142;142;142;142;142;142;142;142;142;142;142;142;142;142
23;CE;1997;1026;1026;1026;1026;1026;1026;1026;1026;1026;1026;1026;1026;1026;1026;1026;1026
24;RN;1997;235;235;235;235;235;235;235;235;235;235;235;235;235;235;235;235
26;PE;1997;3713;3713;3713;3713;3713;3713;3713;3713;3713;3713;3713;3713;3713;3713;3713;3713
27;AL;1997;642;642;642;642;642;642;642;642;642;642;642;642;642;642;642;642
28;SE;1997;190;190;190;190;190;190;190;190;190;190;190;190;190;190;190;190
29;BA;1997;1981;1981;1981;1981;1981;1981;1981;1981;1981;1981;1981;1981;1981;1981;1981;1981
31;MG;1997;1347;1347;1347;1347;1347;1347;1347;1347;1347;1347;1347;1347;1347;1347;1347;1347
32;ES;1997;1416;1416;1416;1416;1416;1416;1416;1416;1416;1416;1416;1416;1416;1416;1416;1416
33;RJ;1997;7954;7954;7954;7954;7954;7954;7954;7954;7954;7954;7954;7954;7954;7954;7954;7954
35;SP;1997;12537;12537;12537;12537;12537;12537;12537;12537;12537;12537;12537;12537;12537;12537;12537;12537
41;PR;1997;1581;1581;1581;1581;1581;1581;1581;1581;1581;1581;1581;1581;1581;1581;1581;1581
42;SC;1997;423;423;423;423;423;423;423;423;423;423;423;423;423;423;423;423
43;RS;1997;1648;1648;1648;1648;1648;1648;1648;1648;1648;1648;1648;1648;1648;1648;1648;1648
50;MS;1997;729;729;729;729;729;729;729;729;729;729;729;729;729;729;729;729
51;MT;1997;766;766;766;766;766;766;766;766;766;766;766;766;766;766;766;766
52;GO;1997;744;744;744;744;744;744;744;744;744;744;744;744;744;744;744;744
53;DF;1997;613;613;613;613;613;613;613;613;613;613;613;613;613;613;613;613
52;GO;1998;704;704;704;704;704;704;704;704;704;704;704;704;704;704;704;704
11;RO;1998;494;494;494;494;494;494;494;494;494;494;494;494;494;494;494;494
12;AC;1998;110;110;110;110;110;110;110;110;110;110;110;110;110;110;110;110
13;AM;1998;534;534;534;534;534;534;534;534;534;534;534;534;534;534;534;534
14;RR;1998;134;134;134;134;134;134;134;134;134;134;134;134;134;134;134;134
15;PA;1998;774;774;774;774;774;774;774;774;774;774;774;774;774;774;774;774
16;AP;1998;160;160;160;160;160;160;160;160;160;160;160;160;160;160;160;160
17;TO;1998;129;129;129;129;129;129;129;129;129;129;129;129;129;129;129;129
21;MA;1998;278;278;278;278;278;278;278;278;278;278;278;278;278;278;278;278
22;PI;1998;140;140;140;140;140;140;140;140;140;140;140;140;140;140;140;140
23;CE;1998;946;946;946;946;946;946;946;946;946;946;946;946;946;946;946;946
24;RN;1998;222;222;222;222;222;222;222;222;222;222;222;222;222;222;222;222
53;DF;1998;633;633;633;633;633;633;633;633;633;633;633;633;633;633;633;633
25;PB;1998;455;455;455;455;455;455;455;455;455;455;455;455;455;455;455;455
26;PE;1998;4423;4423;4423;4423;4423;4423;4423;4423;4423;4423;4423;4423;4423;4423;4423;4423
27;AL;1998;582;582;582;582;582;582;582;582;582;582;582;582;582;582;582;582
28;SE;1998;175;175;175;175;175;175;175;175;175;175;175;175;175;175;175;175
29;BA;1998;1271;1271;1271;1271;1271;1271;1271;1271;1271;1271;1271;1271;1271;1271;1271;1271
31;MG;1998;1511;1511;1511;1511;1511;1511;1511;1511;1511;1511;1511;1511;1511;1511;1511;1511
32;ES;1998;1675;1675;1675;1675;1675;1675;1675;1675;1675;1675;1675;1675;1675;1675;1675;1675
33;RJ;1998;7573;7573;7573;7573;7573;7573;7573;7573;7573;7573;7573;7573;7573;7573;7573;7573
35;SP;1998;13986;13986;13986;13986;13986;13986;13986;13986;13986;13986;13986;13986;13986;13986;13986;13986
41;PR;1998;1625;1625;1625;1625;1625;1625;1625;1625;1625;1625;1625;1625;1625;1625;1625;1625
42;SC;1998;414;414;414;414;414;414;414;414;414;414;414;414;414;414;414;414
43;RS;1998;1524;1524;1524;1524;1524;1524;1524;1524;1524;1524;1524;1524;1524;1524;1524;1524
50;MS;1998;670;670;670;670;670;670;670;670;670;670;670;670;670;670;670;670
51;MT;1998;832;832;832;832;832;832;832;832;832;832;832;832;832;832;832;832
13;AM;1999;527;527;527;527;527;527;527;527;527;527;527;527;527;527;527;527
53;DF;1999;659;659;659;659;659;659;659;659;659;659;659;659;659;659;659;659
52;GO;1999;853;853;853;853;853;853;853;853;853;853;853;853;853;853;853;853
51;MT;1999;822;822;822;822;822;822;822;822;822;822;822;822;822;822;822;822
50;MS;1999;571;571;571;571;571;571;571;571;571;571;571;571;571;571;571;571
43;RS;1999;1533;1533;1533;1533;1533;1533;1533;1533;1533;1533;1533;1533;1533;1533;1533;1533
42;SC;1999;385;385;385;385;385;385;385;385;385;385;385;385;385;385;385;385
41;PR;1999;1706;1706;1706;1706;1706;1706;1706;1706;1706;1706;1706;1706;1706;1706;1706;1706
35;SP;1999;15763;15763;15763;15763;15763;15763;15763;15763;15763;15763;15763;15763;15763;15763;15763;15763
33;RJ;1999;7261;7261;7261;7261;7261;7261;7261;7261;7261;7261;7261;7261;7261;7261;7261;7261
32;ES;1999;1524;1524;1524;1524;1524;1524;1524;1524;1524;1524;1524;1524;1524;1524;1524;1524
31;MG;1999;1596;1596;1596;1596;1596;1596;1596;1596;1596;1596;1596;1596;1596;1596;1596;1596
29;BA;1999;913;913;913;913;913;913;913;913;913;913;913;913;913;913;913;913
11;RO;1999;432;432;432;432;432;432;432;432;432;432;432;432;432;432;432;432
28;SE;1999;329;329;329;329;329;329;329;329;329;329;329;329;329;329;329;329
27;AL;1999;554;554;554;554;554;554;554;554;554;554;554;554;554;554;554;554
26;PE;1999;4217;4217;4217;4217;4217;4217;4217;4217;4217;4217;4217;4217;4217;4217;4217;4217
25;PB;1999;403;403;403;403;403;403;403;403;403;403;403;403;403;403;403;403
24;RN;1999;224;224;224;224;224;224;224;224;224;224;224;224;224;224;224;224
23;CE;1999;1104;1104;1104;1104;1104;1104;1104;1104;1104;1104;1104;1104;1104;1104;1104;1104
22;PI;1999;133;133;133;133;133;133;133;133;133;133;133;133;133;133;133;133
21;MA;1999;262;262;262;262;262;262;262;262;262;262;262;262;262;262;262;262
17;TO;1999;137;137;137;137;137;137;137;137;137;137;137;137;137;137;137;137
16;AP;1999;192;192;192;192;192;192;192;192;192;192;192;192;192;192;192;192
15;PA;1999;642;642;642;642;642;642;642;642;642;642;642;642;642;642;642;642
14;RR;1999;154;154;154;154;154;154;154;154;154;154;154;154;154;154;154;154
12;AC;1999;51;51;51;51;51;51;51;51;51;51;51;51;51;51;51;51
29;BA;2000;1242;1242;1242;1242;1242;1242;1242;1242;1242;1242;1242;1242;1242;1242;1242;1242
53;DF;2000;687;687;687;687;687;687;687;687;687;687;687;687;687;687;687;687
52;GO;2000;1085;1085;1085;1085;1085;1085;1085;1085;1085;1085;1085;1085;1085;1085;1085;1085
51;MT;2000;990;990;990;990;990;990;990;990;990;990;990;990;990;990;990;990
50;MS;2000;651;651;651;651;651;651;651;651;651;651;651;651;651;651;651;651
43;RS;2000;1668;1668;1668;1668;1668;1668;1668;1668;1668;1668;1668;1668;1668;1668;1668;1668
42;SC;2000;433;433;433;433;433;433;433;433;433;433;433;433;433;433;433;433
41;PR;2000;1789;1789;1789;1789;1789;1789;1789;1789;1789;1789;1789;1789;1789;1789;1789;1789
35;SP;2000;15591;15591;15591;15591;15591;15591;15591;15591;15591;15591;15591;15591;15591;15591;15591;15591
33;RJ;2000;7350;7350;7350;7350;7350;7350;7350;7350;7350;7350;7350;7350;7350;7350;7350;7350
32;ES;2000;1435;1435;1435;1435;1435;1435;1435;1435;1435;1435;1435;1435;1435;1435;1435;1435
31;MG;2000;2109;2109;2109;2109;2109;2109;2109;2109;2109;2109;2109;2109;2109;2109;2109;2109
28;SE;2000;410;410;410;410;410;410;410;410;410;410;410;410;410;410;410;410
27;AL;2000;727;727;727;727;727;727;727;727;727;727;727;727;727;727;727;727
26;PE;2000;4290;4290;4290;4290;4290;4290;4290;4290;4290;4290;4290;4290;4290;4290;4290;4290
25;PB;2000;507;507;507;507;507;507;507;507;507;507;507;507;507;507;507;507
24;RN;2000;257;257;257;257;257;257;257;257;257;257;257;257;257;257;257;257
23;CE;2000;1238;1238;1238;1238;1238;1238;1238;1238;1238;1238;1238;1238;1238;1238;1238;1238
22;PI;2000;230;230;230;230;230;230;230;230;230;230;230;230;230;230;230;230
21;MA;2000;352;352;352;352;352;352;352;352;352;352;352;352;352;352;352;352
17;TO;2000;176;176;176;176;176;176;176;176;176;176;176;176;176;176;176;176
16;AP;2000;156;156;156;156;156;156;156;156;156;156;156;156;156;156;156;156
15;PA;2000;806;806;806;806;806;806;806;806;806;806;806;806;806;806;806;806
14;RR;2000;130;130;130;130;130;130;130;130;130;130;130;130;130;130;130;130
13;AM;2000;552;552;552;552;552;552;552;552;552;552;552;552;552;552;552;552
12;AC;2000;106;106;106;106;106;106;106;106;106;106;106;106;106;106;106;106
11;RO;2000;466;466;466;466;466;466;466;466;466;466;466;466;466;466;466;466
12;AC;2001;121;121;121;121;121;121;121;121;121;121;121;121;121;121;121;121
53;DF;2001;693;693;693;693;693;693;693;693;693;693;693;693;693;693;693;693
52;GO;2001;1167;1167;1167;1167;1167;1167;1167;1167;1167;1167;1167;1167;1167;1167;1167;1167
51;MT;2001;973;973;973;973;973;973;973;973;973;973;973;973;973;973;973;973
50;MS;2001;621;621;621;621;621;621;621;621;621;621;621;621;621;621;621;621
43;RS;2001;1854;1854;1854;1854;1854;1854;1854;1854;1854;1854;1854;1854;1854;1854;1854;1854
42;SC;2001;477;477;477;477;477;477;477;477;477;477;477;477;477;477;477;477
41;PR;2001;2052;2052;2052;2052;2052;2052;2052;2052;2052;2052;2052;2052;2052;2052;2052;2052
35;SP;2001;15773;15773;15773;15773;15773;15773;15773;15773;15773;15773;15773;15773;15773;15773;15773;15773
33;RJ;2001;7362;7362;7362;7362;7362;7362;7362;7362;7362;7362;7362;7362;7362;7362;7362;7362
32;ES;2001;1452;1452;1452;1452;1452;1452;1452;1452;1452;1452;1452;1452;1452;1452;1452;1452
31;MG;2001;2366;2366;2366;2366;2366;2366;2366;2366;2366;2366;2366;2366;2366;2366;2366;2366
11;RO;2001;573;573;573;573;573;573;573;573;573;573;573;573;573;573;573;573
29;BA;2001;1622;1622;1622;1622;1622;1622;1622;1622;1622;1622;1622;1622;1622;1622;1622;1622
28;SE;2001;518;518;518;518;518;518;518;518;518;518;518;518;518;518;518;518
27;AL;2001;830;830;830;830;830;830;830;830;830;830;830;830;830;830;830;830
26;PE;2001;4710;4710;4710;4710;4710;4710;4710;4710;4710;4710;4710;4710;4710;4710;4710;4710
25;PB;2001;484;484;484;484;484;484;484;484;484;484;484;484;484;484;484;484
24;RN;2001;322;322;322;322;322;322;322;322;322;322;322;322;322;322;322;322
23;CE;2001;1284;1284;1284;1284;1284;1284;1284;1284;1284;1284;1284;1284;1284;1284;1284;1284
22;PI;2001;262;262;262;262;262;262;262;262;262;262;262;262;262;262;262;262
21;MA;2001;563;563;563;563;563;563;563;563;563;563;563;563;563;563;563;563
17;TO;2001;212;212;212;212;212;212;212;212;212;212;212;212;212;212;212;212
16;AP;2001;182;182;182;182;182;182;182;182;182;182;182;182;182;182;182;182
15;PA;2001;966;966;966;966;966;966;966;966;966;966;966;966;966;966;966;966
14;RR;2001;108;108;108;108;108;108;108;108;108;108;108;108;108;108;108;108
13;AM;2001;485;485;485;485;485;485;485;485;485;485;485;485;485;485;485;485
12;AC;2002;151;151;151;151;151;151;151;151;151;151;151;151;151;151;151;151
53;DF;2002;641;641;641;641;641;641;641;641;641;641;641;641;641;641;641;641
52;GO;2002;1370;1370;1370;1370;1370;1370;1370;1370;1370;1370;1370;1370;1370;1370;1370;1370
51;MT;2002;948;948;948;948;948;948;948;948;948;948;948;948;948;948;948;948
50;MS;2002;684;684;684;684;684;684;684;684;684;684;684;684;684;684;684;684
43;RS;2002;1912;1912;1912;1912;1912;1912;1912;1912;1912;1912;1912;1912;1912;1912;1912;1912
42;SC;2002;585;585;585;585;585;585;585;585;585;585;585;585;585;585;585;585
41;PR;2002;2266;2266;2266;2266;2266;2266;2266;2266;2266;2266;2266;2266;2266;2266;2266;2266
35;SP;2002;14526;14526;14526;14526;14526;14526;14526;14526;14526;14526;14526;14526;14526;14526;14526;14526
33;RJ;2002;8335;8335;8335;8335;8335;8335;8335;8335;8335;8335;8335;8335;8335;8335;8335;8335
32;ES;2002;1644;1644;1644;1644;1644;1644;1644;1644;1644;1644;1644;1644;1644;1644;1644;1644
31;MG;2002;2994;2994;2994;2994;2994;2994;2994;2994;2994;2994;2994;2994;2994;2994;2994;2994
29;BA;2002;1759;1759;1759;1759;1759;1759;1759;1759;1759;1759;1759;1759;1759;1759;1759;1759
28;SE;2002;556;556;556;556;556;556;556;556;556;556;556;556;556;556;556;556
27;AL;2002;991;991;991;991;991;991;991;991;991;991;991;991;991;991;991;991
26;PE;2002;4396;4396;4396;4396;4396;4396;4396;4396;4396;4396;4396;4396;4396;4396;4396;4396
25;PB;2002;607;607;607;607;607;607;607;607;607;607;607;607;607;607;607;607
24;RN;2002;299;299;299;299;299;299;299;299;299;299;299;299;299;299;299;299
23;CE;2002;1445;1445;1445;1445;1445;1445;1445;1445;1445;1445;1445;1445;1445;1445;1445;1445
22;PI;2002;308;308;308;308;308;308;308;308;308;308;308;308;308;308;308;308
21;MA;2002;606;606;606;606;606;606;606;606;606;606;606;606;606;606;606;606
17;TO;2002;170;170;170;170;170;170;170;170;170;170;170;170;170;170;170;170
16;AP;2002;181;181;181;181;181;181;181;181;181;181;181;181;181;181;181;181
15;PA;2002;1192;1192;1192;1192;1192;1192;1192;1192;1192;1192;1192;1192;1192;1192;1192;1192
14;RR;2002;122;122;122;122;122;122;122;122;122;122;122;122;122;122;122;122
13;AM;2002;513;513;513;513;513;513;513;513;513;513;513;513;513;513;513;513
11;RO;2002;615;615;615;615;615;615;615;615;615;615;615;615;615;615;615;615
11;RO;2003;566;566;566;566;566;566;566;566;566;566;566;566;566;566;566;566
53;DF;2003;742;742;742;742;742;742;742;742;742;742;742;742;742;742;742;742
52;GO;2003;1346;1346;1346;1346;1346;1346;1346;1346;1346;1346;1346;1346;1346;1346;1346;1346
51;MT;2003;908;908;908;908;908;908;908;908;908;908;908;908;908;908;908;908
50;MS;2003;705;705;705;705;705;705;705;705;705;705;705;705;705;705;705;705
43;RS;2003;1908;1908;1908;1908;1908;1908;1908;1908;1908;1908;1908;1908;1908;1908;1908;1908
42;SC;2003;670;670;670;670;670;670;670;670;670;670;670;670;670;670;670;670
41;PR;2003;2555;2555;2555;2555;2555;2555;2555;2555;2555;2555;2555;2555;2555;2555;2555;2555
35;SP;2003;14048;14048;14048;14048;14048;14048;14048;14048;14048;14048;14048;14048;14048;14048;14048;14048
33;RJ;2003;8115;8115;8115;8115;8115;8115;8115;8115;8115;8115;8115;8115;8115;8115;8115;8115
32;ES;2003;1629;1629;1629;1629;1629;1629;1629;1629;1629;1629;1629;1629;1629;1629;1629;1629
31;MG;2003;3869;3869;3869;3869;3869;3869;3869;3869;3869;3869;3869;3869;3869;3869;3869;3869
29;BA;2003;2166;2166;2166;2166;2166;2166;2166;2166;2166;2166;2166;2166;2166;2166;2166;2166
28;SE;2003;469;469;469;469;469;469;469;469;469;469;469;469;469;469;469;469
27;AL;2003;1039;1039;1039;1039;1039;1039;1039;1039;1039;1039;1039;1039;1039;1039;1039;1039
26;PE;2003;4517;4517;4517;4517;4517;4517;4517;4517;4517;4517;4517;4517;4517;4517;4517;4517
25;PB;2003;616;616;616;616;616;616;616;616;616;616;616;616;616;616;616;616
24;RN;2003;405;405;405;405;405;405;405;405;405;405;405;405;405;405;405;405
23;CE;2003;1563;1563;1563;1563;1563;1563;1563;1563;1563;1563;1563;1563;1563;1563;1563;1563
22;PI;2003;298;298;298;298;298;298;298;298;298;298;298;298;298;298;298;298
21;MA;2003;795;795;795;795;795;795;795;795;795;795;795;795;795;795;795;795
17;TO;2003;204;204;204;204;204;204;204;204;204;204;204;204;204;204;204;204
16;AP;2003;185;185;185;185;185;185;185;185;185;185;185;185;185;185;185;185
15;PA;2003;1405;1405;1405;1405;1405;1405;1405;1405;1405;1405;1405;1405;1405;1405;1405;1405
14;RR;2003;106;106;106;106;106;106;106;106;106;106;106;106;106;106;106;106
13;AM;2003;558;558;558;558;558;558;558;558;558;558;558;558;558;558;558;558
12;AC;2003;147;147;147;147;147;147;147;147;147;147;147;147;147;147;147;147
12;AC;2004;114;114;114;114;114;114;114;114;114;114;114;114;114;114;114;114
11;RO;2004;563;563;563;563;563;563;563;563;563;563;563;563;563;563;563;563
53;DF;2004;696;696;696;696;696;696;696;696;696;696;696;696;696;696;696;696
52;GO;2004;1524;1524;1524;1524;1524;1524;1524;1524;1524;1524;1524;1524;1524;1524;1524;1524
51;MT;2004;853;853;853;853;853;853;853;853;853;853;853;853;853;853;853;853
50;MS;2004;656;656;656;656;656;656;656;656;656;656;656;656;656;656;656;656
43;RS;2004;1982;1982;1982;1982;1982;1982;1982;1982;1982;1982;1982;1982;1982;1982;1982;1982
42;SC;2004;638;638;638;638;638;638;638;638;638;638;638;638;638;638;638;638
41;PR;2004;2826;2826;2826;2826;2826;2826;2826;2826;2826;2826;2826;2826;2826;2826;2826;2826
35;SP;2004;11336;11336;11336;11336;11336;11336;11336;11336;11336;11336;11336;11336;11336;11336;11336;11336
33;RJ;2004;7731;7731;7731;7731;7731;7731;7731;7731;7731;7731;7731;7731;7731;7731;7731;7731
32;ES;2004;1619;1619;1619;1619;1619;1619;1619;1619;1619;1619;1619;1619;1619;1619;1619;1619
31;MG;2004;4286;4286;4286;4286;4286;4286;4286;4286;4286;4286;4286;4286;4286;4286;4286;4286
29;BA;2004;2262;2262;2262;2262;2262;2262;2262;2262;2262;2262;2262;2262;2262;2262;2262;2262
28;SE;2004;454;454;454;454;454;454;454;454;454;454;454;454;454;454;454;454
27;AL;2004;1035;1035;1035;1035;1035;1035;1035;1035;1035;1035;1035;1035;1035;1035;1035;1035
26;PE;2004;4174;4174;4174;4174;4174;4174;4174;4174;4174;4174;4174;4174;4174;4174;4174;4174
25;PB;2004;675;675;675;675;675;675;675;675;675;675;675;675;675;675;675;675
24;RN;2004;344;344;344;344;344;344;344;344;344;344;344;344;344;344;344;344
23;CE;2004;1582;1582;1582;1582;1582;1582;1582;1582;1582;1582;1582;1582;1582;1582;1582;1582
22;PI;2004;327;327;327;327;327;327;327;327;327;327;327;327;327;327;327;327
21;MA;2004;732;732;732;732;732;732;732;732;732;732;732;732;732;732;732;732
17;TO;2004;198;198;198;198;198;198;198;198;198;198;198;198;198;198;198;198
16;AP;2004;172;172;172;172;172;172;172;172;172;172;172;172;172;172;172;172
15;PA;2004;1519;1519;1519;1519;1519;1519;1519;1519;1519;1519;1519;1519;1519;1519;1519;1519
14;RR;2004;85;85;85;85;85;85;85;85;85;85;85;85;85;85;85;85
13;AM;2004;526;526;526;526;526;526;526;526;526;526;526;526;526;526;526;526
35;SP;2005;8870;8870;8870;8870;8870;8870;8870;8870;8870;8870;8870;8870;8870;8870;8870;8870
33;RJ;2005;7408;7408;7408;7408;7408;7408;7408;7408;7408;7408;7408;7408;7408;7408;7408;7408
32;ES;2005;1602;1602;1602;1602;1602;1602;1602;1602;1602;1602;1602;1602;1602;1602;1602;1602
31;MG;2005;4223;4223;4223;4223;4223;4223;4223;4223;4223;4223;4223;4223;4223;4223;4223;4223
29;BA;2005;2881;2881;2881;2881;2881;2881;2881;2881;2881;2881;2881;2881;2881;2881;2881;2881
28;SE;2005;487;487;487;487;487;487;487;487;487;487;487;487;487;487;487;487
27;AL;2005;1203;1203;1203;1203;1203;1203;1203;1203;1203;1203;1203;1203;1203;1203;1203;1203
26;PE;2005;4330;4330;4330;4330;4330;4330;4330;4330;4330;4330;4330;4330;4330;4330;4330;4330
25;PB;2005;745;745;745;745;745;745;745;745;745;745;745;745;745;745;745;745
24;RN;2005;406;406;406;406;406;406;406;406;406;406;406;406;406;406;406;406
23;CE;2005;1699;1699;1699;1699;1699;1699;1699;1699;1699;1699;1699;1699;1699;1699;1699;1699
22;PI;2005;368;368;368;368;368;368;368;368;368;368;368;368;368;368;368;368
21;MA;2005;935;935;935;935;935;935;935;935;935;935;935;935;935;935;935;935
17;TO;2005;190;190;190;190;190;190;190;190;190;190;190;190;190;190;190;190
16;AP;2005;196;196;196;196;196;196;196;196;196;196;196;196;196;196;196;196
15;PA;2005;1926;1926;1926;1926;1926;1926;1926;1926;1926;1926;1926;1926;1926;1926;1926;1926
14;RR;2005;95;95;95;95;95;95;95;95;95;95;95;95;95;95;95;95
13;AM;2005;599;599;599;599;599;599;599;599;599;599;599;599;599;599;599;599
12;AC;2005;124;124;124;124;124;124;124;124;124;124;124;124;124;124;124;124
11;RO;2005;555;555;555;555;555;555;555;555;555;555;555;555;555;555;555;555
53;DF;2005;657;657;657;657;657;657;657;657;657;657;657;657;657;657;657;657
52;GO;2005;1468;1468;1468;1468;1468;1468;1468;1468;1468;1468;1468;1468;1468;1468;1468;1468
51;MT;2005;907;907;907;907;907;907;907;907;907;907;907;907;907;907;907;907
50;MS;2005;631;631;631;631;631;631;631;631;631;631;631;631;631;631;631;631
43;RS;2005;2021;2021;2021;2021;2021;2021;2021;2021;2021;2021;2021;2021;2021;2021;2021;2021
42;SC;2005;633;633;633;633;633;633;633;633;633;633;633;633;633;633;633;633
41;PR;2005;2977;2977;2977;2977;2977;2977;2977;2977;2977;2977;2977;2977;2977;2977;2977;2977
12;AC;2006;158;158;158;158;158;158;158;158;158;158;158;158;158;158;158;158
13;AM;2006;699;699;699;699;699;699;699;699;699;699;699;699;699;699;699;699
14;RR;2006;111;111;111;111;111;111;111;111;111;111;111;111;111;111;111;111
15;PA;2006;2073;2073;2073;2073;2073;2073;2073;2073;2073;2073;2073;2073;2073;2073;2073;2073
16;AP;2006;202;202;202;202;202;202;202;202;202;202;202;202;202;202;202;202
17;TO;2006;229;229;229;229;229;229;229;229;229;229;229;229;229;229;229;229
21;MA;2006;969;969;969;969;969;969;969;969;969;969;969;969;969;969;969;969
22;PI;2006;418;418;418;418;418;418;418;418;418;418;418;418;418;418;418;418
23;CE;2006;1792;1792;1792;1792;1792;1792;1792;1792;1792;1792;1792;1792;1792;1792;1792;1792
24;RN;2006;455;455;455;455;455;455;455;455;455;455;455;455;455;455;455;455
25;PB;2006;825;825;825;825;825;825;825;825;825;825;825;825;825;825;825;825
26;PE;2006;4472;4472;4472;4472;4472;4472;4472;4472;4472;4472;4472;4472;4472;4472;4472;4472
27;AL;2006;1620;1620;1620;1620;1620;1620;1620;1620;1620;1620;1620;1620;1620;1620;1620;1620
28;SE;2006;585;585;585;585;585;585;585;585;585;585;585;585;585;585;585;585
29;BA;2006;3311;3311;3311;3311;3311;3311;3311;3311;3311;3311;3311;3311;3311;3311;3311;3311
31;MG;2006;4177;4177;4177;4177;4177;4177;4177;4177;4177;4177;4177;4177;4177;4177;4177;4177
32;ES;2006;1762;1762;1762;1762;1762;1762;1762;1762;1762;1762;1762;1762;1762;1762;1762;1762
33;RJ;2006;7389;7389;7389;7389;7389;7389;7389;7389;7389;7389;7389;7389;7389;7389;7389;7389
35;SP;2006;8377;8377;8377;8377;8377;8377;8377;8377;8377;8377;8377;8377;8377;8377;8377;8377
41;PR;2006;3098;3098;3098;3098;3098;3098;3098;3098;3098;3098;3098;3098;3098;3098;3098;3098
53;DF;2006;660;660;660;660;660;660;660;660;660;660;660;660;660;660;660;660
52;GO;2006;1509;1509;1509;1509;1509;1509;1509;1509;1509;1509;1509;1509;1509;1509;1509;1509
51;MT;2006;896;896;896;896;896;896;896;896;896;896;896;896;896;896;896;896
50;MS;2006;683;683;683;683;683;683;683;683;683;683;683;683;683;683;683;683
43;RS;2006;1983;1983;1983;1983;1983;1983;1983;1983;1983;1983;1983;1983;1983;1983;1983;1983
42;SC;2006;666;666;666;666;666;666;666;666;666;666;666;666;666;666;666;666
11;RO;2006;585;585;585;585;585;585;585;585;585;585;585;585;585;585;585;585
12;AC;2007;137;137;137;137;137;137;137;137;137;137;137;137;137;137;137;137
13;AM;2007;715;715;715;715;715;715;715;715;715;715;715;715;715;715;715;715
14;RR;2007;116;116;116;116;116;116;116;116;116;116;116;116;116;116;116;116
15;PA;2007;2194;2194;2194;2194;2194;2194;2194;2194;2194;2194;2194;2194;2194;2194;2194;2194
16;AP;2007;172;172;172;172;172;172;172;172;172;172;172;172;172;172;172;172
17;TO;2007;226;226;226;226;226;226;226;226;226;226;226;226;226;226;226;226
21;MA;2007;1127;1127;1127;1127;1127;1127;1127;1127;1127;1127;1127;1127;1127;1127;1127;1127
22;PI;2007;383;383;383;383;383;383;383;383;383;383;383;383;383;383;383;383
23;CE;2007;1933;1933;1933;1933;1933;1933;1933;1933;1933;1933;1933;1933;1933;1933;1933;1933
24;RN;2007;589;589;589;589;589;589;589;589;589;589;589;589;589;589;589;589
25;PB;2007;864;864;864;864;864;864;864;864;864;864;864;864;864;864;864;864
26;PE;2007;4557;4557;4557;4557;4557;4557;4557;4557;4557;4557;4557;4557;4557;4557;4557;4557
27;AL;2007;1836;1836;1836;1836;1836;1836;1836;1836;1836;1836;1836;1836;1836;1836;1836;1836
28;SE;2007;522;522;522;522;522;522;522;522;522;522;522;522;522;522;522;522
29;BA;2007;3659;3659;3659;3659;3659;3659;3659;3659;3659;3659;3659;3659;3659;3659;3659;3659
31;MG;2007;4125;4125;4125;4125;4125;4125;4125;4125;4125;4125;4125;4125;4125;4125;4125;4125
32;ES;2007;1877;1877;1877;1877;1877;1877;1877;1877;1877;1877;1877;1877;1877;1877;1877;1877
33;RJ;2007;6551;6551;6551;6551;6551;6551;6551;6551;6551;6551;6551;6551;6551;6551;6551;6551
35;SP;2007;6437;6437;6437;6437;6437;6437;6437;6437;6437;6437;6437;6437;6437;6437;6437;6437
41;PR;2007;3105;3105;3105;3105;3105;3105;3105;3105;3105;3105;3105;3105;3105;3105;3105;3105
42;SC;2007;632;632;632;632;632;632;632;632;632;632;632;632;632;632;632;632
43;RS;2007;2199;2199;2199;2199;2199;2199;2199;2199;2199;2199;2199;2199;2199;2199;2199;2199
50;MS;2007;710;710;710;710;710;710;710;710;710;710;710;710;710;710;710;710
51;MT;2007;889;889;889;889;889;889;889;889;889;889;889;889;889;889;889;889
52;GO;2007;1521;1521;1521;1521;1521;1521;1521;1521;1521;1521;1521;1521;1521;1521;1521;1521
53;DF;2007;711;711;711;711;711;711;711;711;711;711;711;711;711;711;711;711
11;RO;2007;432;432;432;432;432;432;432;432;432;432;432;432;432;432;432;432
17;TO;2008;237;237;237;237;237;237;237;237;237;237;237;237;237;237;237;237
22;PI;2008;361;361;361;361;361;361;361;361;361;361;361;361;361;361;361;361
23;CE;2008;2019;2019;2019;2019;2019;2019;2019;2019;2019;2019;2019;2019;2019;2019;2019;2019
24;RN;2008;714;714;714;714;714;714;714;714;714;714;714;714;714;714;714;714
25;PB;2008;1029;1029;1029;1029;1029;1029;1029;1029;1029;1029;1029;1029;1029;1029;1029;1029
26;PE;2008;4446;4446;4446;4446;4446;4446;4446;4446;4446;4446;4446;4446;4446;4446;4446;4446
27;AL;2008;1887;1887;1887;1887;1887;1887;1887;1887;1887;1887;1887;1887;1887;1887;1887;1887
28;SE;2008;555;555;555;555;555;555;555;555;555;555;555;555;555;555;555;555
29;BA;2008;4819;4819;4819;4819;4819;4819;4819;4819;4819;4819;4819;4819;4819;4819;4819;4819
31;MG;2008;3889;3889;3889;3889;3889;3889;3889;3889;3889;3889;3889;3889;3889;3889;3889;3889
32;ES;2008;1947;1947;1947;1947;1947;1947;1947;1947;1947;1947;1947;1947;1947;1947;1947;1947
33;RJ;2008;5662;5662;5662;5662;5662;5662;5662;5662;5662;5662;5662;5662;5662;5662;5662;5662
35;SP;2008;6332;6332;6332;6332;6332;6332;6332;6332;6332;6332;6332;6332;6332;6332;6332;6332
41;PR;2008;3445;3445;3445;3445;3445;3445;3445;3445;3445;3445;3445;3445;3445;3445;3445;3445
42;SC;2008;802;802;802;802;802;802;802;802;802;802;802;802;802;802;802;802
43;RS;2008;2380;2380;2380;2380;2380;2380;2380;2380;2380;2380;2380;2380;2380;2380;2380;2380
50;MS;2008;699;699;699;699;699;699;699;699;699;699;699;699;699;699;699;699
51;MT;2008;937;937;937;937;937;937;937;937;937;937;937;937;937;937;937;937
52;GO;2008;1792;1792;1792;1792;1792;1792;1792;1792;1792;1792;1792;1792;1792;1792;1792;1792
53;DF;2008;812;812;812;812;812;812;812;812;812;812;812;812;812;812;812;812
11;RO;2008;480;480;480;480;480;480;480;480;480;480;480;480;480;480;480;480
12;AC;2008;133;133;133;133;133;133;133;133;133;133;133;133;133;133;133;133
13;AM;2008;830;830;830;830;830;830;830;830;830;830;830;830;830;830;830;830
14;RR;2008;105;105;105;105;105;105;105;105;105;105;105;105;105;105;105;105
15;PA;2008;2860;2860;2860;2860;2860;2860;2860;2860;2860;2860;2860;2860;2860;2860;2860;2860
16;AP;2008;210;210;210;210;210;210;210;210;210;210;210;210;210;210;210;210
21;MA;2008;1277;1277;1277;1277;1277;1277;1277;1277;1277;1277;1277;1277;1277;1277;1277;1277
16;AP;2009;190;190;190;190;190;190;190;190;190;190;190;190;190;190;190;190
22;PI;2009;385;385;385;385;385;385;385;385;385;385;385;385;385;385;385;385
23;CE;2009;2165;2165;2165;2165;2165;2165;2165;2165;2165;2165;2165;2165;2165;2165;2165;2165
24;RN;2009;800;800;800;800;800;800;800;800;800;800;800;800;800;800;800;800
25;PB;2009;1263;1263;1263;1263;1263;1263;1263;1263;1263;1263;1263;1263;1263;1263;1263;1263
26;PE;2009;3963;3963;3963;3963;3963;3963;3963;3963;3963;3963;3963;3963;3963;3963;3963;3963
27;AL;2009;1873;1873;1873;1873;1873;1873;1873;1873;1873;1873;1873;1873;1873;1873;1873;1873
28;SE;2009;653;653;653;653;653;653;653;653;653;653;653;653;653;653;653;653
29;BA;2009;5432;5432;5432;5432;5432;5432;5432;5432;5432;5432;5432;5432;5432;5432;5432;5432
31;MG;2009;3742;3742;3742;3742;3742;3742;3742;3742;3742;3742;3742;3742;3742;3742;3742;3742
32;ES;2009;1985;1985;1985;1985;1985;1985;1985;1985;1985;1985;1985;1985;1985;1985;1985;1985
33;RJ;2009;5365;5365;5365;5365;5365;5365;5365;5365;5365;5365;5365;5365;5365;5365;5365;5365
35;SP;2009;6557;6557;6557;6557;6557;6557;6557;6557;6557;6557;6557;6557;6557;6557;6557;6557
41;PR;2009;3698;3698;3698;3698;3698;3698;3698;3698;3698;3698;3698;3698;3698;3698;3698;3698
42;SC;2009;820;820;820;820;820;820;820;820;820;820;820;820;820;820;820;820
43;RS;2009;2242;2242;2242;2242;2242;2242;2242;2242;2242;2242;2242;2242;2242;2242;2242;2242
50;MS;2009;725;725;725;725;725;725;725;725;725;725;725;725;725;725;725;725
51;MT;2009;1000;1000;1000;1000;1000;1000;1000;1000;1000;1000;1000;1000;1000;1000;1000;1000
52;GO;2009;1902;1902;1902;1902;1902;1902;1902;1902;1902;1902;1902;1902;1902;1902;1902;1902
53;DF;2009;882;882;882;882;882;882;882;882;882;882;882;882;882;882;882;882
17;TO;2009;289;289;289;289;289;289;289;289;289;289;289;289;289;289;289;289
15;PA;2009;2989;2989;2989;2989;2989;2989;2989;2989;2989;2989;2989;2989;2989;2989;2989;2989
14;RR;2009;118;118;118;118;118;118;118;118;118;118;118;118;118;118;118;118
13;AM;2009;916;916;916;916;916;916;916;916;916;916;916;916;916;916;916;916
12;AC;2009;153;153;153;153;153;153;153;153;153;153;153;153;153;153;153;153
11;RO;2009;538;538;538;538;538;538;538;538;538;538;538;538;538;538;538;538
21;MA;2009;1398;1398;1398;1398;1398;1398;1398;1398;1398;1398;1398;1398;1398;1398;1398;1398
32;ES;2010;1792;1792;1792;1792;1792;1792;1792;1792;1792;1792;1792;1792;1792;1792;1792;1792
35;SP;2010;6039;6039;6039;6039;6039;6039;6039;6039;6039;6039;6039;6039;6039;6039;6039;6039
41;PR;2010;3586;3586;3586;3586;3586;3586;3586;3586;3586;3586;3586;3586;3586;3586;3586;3586
42;SC;2010;823;823;823;823;823;823;823;823;823;823;823;823;823;823;823;823
43;RS;2010;2085;2085;2085;2085;2085;2085;2085;2085;2085;2085;2085;2085;2085;2085;2085;2085
50;MS;2010;656;656;656;656;656;656;656;656;656;656;656;656;656;656;656;656
16;AP;2010;260;260;260;260;260;260;260;260;260;260;260;260;260;260;260;260
51;MT;2010;972;972;972;972;972;972;972;972;972;972;972;972;972;972;972;972
52;GO;2010;1979;1979;1979;1979;1979;1979;1979;1979;1979;1979;1979;1979;1979;1979;1979;1979
53;DF;2010;786;786;786;786;786;786;786;786;786;786;786;786;786;786;786;786
17;TO;2010;327;327;327;327;327;327;327;327;327;327;327;327;327;327;327;327
21;MA;2010;1519;1519;1519;1519;1519;1519;1519;1519;1519;1519;1519;1519;1519;1519;1519;1519
22;PI;2010;411;411;411;411;411;411;411;411;411;411;411;411;411;411;411;411
23;CE;2010;2688;2688;2688;2688;2688;2688;2688;2688;2688;2688;2688;2688;2688;2688;2688;2688
24;RN;2010;810;810;810;810;810;810;810;810;810;810;810;810;810;810;810;810
33;RJ;2010;5667;5667;5667;5667;5667;5667;5667;5667;5667;5667;5667;5667;5667;5667;5667;5667
26;PE;2010;3473;3473;3473;3473;3473;3473;3473;3473;3473;3473;3473;3473;3473;3473;3473;3473
27;AL;2010;2087;2087;2087;2087;2087;2087;2087;2087;2087;2087;2087;2087;2087;2087;2087;2087
28;SE;2010;676;676;676;676;676;676;676;676;676;676;676;676;676;676;676;676
29;BA;2010;5844;5844;5844;5844;5844;5844;5844;5844;5844;5844;5844;5844;5844;5844;5844;5844
31;MG;2010;3646;3646;3646;3646;3646;3646;3646;3646;3646;3646;3646;3646;3646;3646;3646;3646
11;RO;2010;546;546;546;546;546;546;546;546;546;546;546;546;546;546;546;546
12;AC;2010;165;165;165;165;165;165;165;165;165;165;165;165;165;165;165;165
13;AM;2010;1082;1082;1082;1082;1082;1082;1082;1082;1082;1082;1082;1082;1082;1082;1082;1082
14;RR;2010;121;121;121;121;121;121;121;121;121;121;121;121;121;121;121;121
15;PA;2010;3521;3521;3521;3521;3521;3521;3521;3521;3521;3521;3521;3521;3521;3521;3521;3521
25;PB;2010;1455;1455;1455;1455;1455;1455;1455;1455;1455;1455;1455;1455;1455;1455;1455;1455
33;RJ;2011;4781;4781;4781;4781;4781;4781;4781;4781;4781;4781;4781;4781;4781;4781;4781;4781
11;RO;2011;450;450;450;450;450;450;450;450;450;450;450;450;450;450;450;450
12;AC;2011;164;164;164;164;164;164;164;164;164;164;164;164;164;164;164;164
13;AM;2011;1292;1292;1292;1292;1292;1292;1292;1292;1292;1292;1292;1292;1292;1292;1292;1292
14;RR;2011;95;95;95;95;95;95;95;95;95;95;95;95;95;95;95;95
15;PA;2011;3073;3073;3073;3073;3073;3073;3073;3073;3073;3073;3073;3073;3073;3073;3073;3073
16;AP;2011;209;209;209;209;209;209;209;209;209;209;209;209;209;209;209;209
17;TO;2011;361;361;361;361;361;361;361;361;361;361;361;361;361;361;361;361
21;MA;2011;1591;1591;1591;1591;1591;1591;1591;1591;1591;1591;1591;1591;1591;1591;1591;1591
22;PI;2011;440;440;440;440;440;440;440;440;440;440;440;440;440;440;440;440
23;CE;2011;2792;2792;2792;2792;2792;2792;2792;2792;2792;2792;2792;2792;2792;2792;2792;2792
24;RN;2011;1054;1054;1054;1054;1054;1054;1054;1054;1054;1054;1054;1054;1054;1054;1054;1054
25;PB;2011;1614;1614;1614;1614;1614;1614;1614;1614;1614;1614;1614;1614;1614;1614;1614;1614
26;PE;2011;3471;3471;3471;3471;3471;3471;3471;3471;3471;3471;3471;3471;3471;3471;3471;3471
27;AL;2011;2244;2244;2244;2244;2244;2244;2244;2244;2244;2244;2244;2244;2244;2244;2244;2244
28;SE;2011;731;731;731;731;731;731;731;731;731;731;731;731;731;731;731;731
29;BA;2011;5549;5549;5549;5549;5549;5549;5549;5549;5549;5549;5549;5549;5549;5549;5549;5549
31;MG;2011;4262;4262;4262;4262;4262;4262;4262;4262;4262;4262;4262;4262;4262;4262;4262;4262
32;ES;2011;1672;1672;1672;1672;1672;1672;1672;1672;1672;1672;1672;1672;1672;1672;1672;1672
35;SP;2011;5842;5842;5842;5842;5842;5842;5842;5842;5842;5842;5842;5842;5842;5842;5842;5842
41;PR;2011;3376;3376;3376;3376;3376;3376;3376;3376;3376;3376;3376;3376;3376;3376;3376;3376
42;SC;2011;811;811;811;811;811;811;811;811;811;811;811;811;811;811;811;811
43;RS;2011;2077;2077;2077;2077;2077;2077;2077;2077;2077;2077;2077;2077;2077;2077;2077;2077
50;MS;2011;673;673;673;673;673;673;673;673;673;673;673;673;673;673;673;673
51;MT;2011;1009;1009;1009;1009;1009;1009;1009;1009;1009;1009;1009;1009;1009;1009;1009;1009
52;GO;2011;2272;2272;2272;2272;2272;2272;2272;2272;2272;2272;2272;2272;2272;2272;2272;2272
53;DF;2011;902;902;902;902;902;902;902;902;902;902;902;902;902;902;902;902
28;SE;2012;879;879;879;879;879;879;879;879;879;879;879;879;879;879;879;879
27;AL;2012;2046;2046;2046;2046;2046;2046;2046;2046;2046;2046;2046;2046;2046;2046;2046;2046
26;PE;2012;3327;3327;3327;3327;3327;3327;3327;3327;3327;3327;3327;3327;3327;3327;3327;3327
25;PB;2012;1525;1525;1525;1525;1525;1525;1525;1525;1525;1525;1525;1525;1525;1525;1525;1525
24;RN;2012;1124;1124;1124;1124;1124;1124;1124;1124;1124;1124;1124;1124;1124;1124;1124;1124
23;CE;2012;3841;3841;3841;3841;3841;3841;3841;3841;3841;3841;3841;3841;3841;3841;3841;3841
22;PI;2012;525;525;525;525;525;525;525;525;525;525;525;525;525;525;525;525
21;MA;2012;1777;1777;1777;1777;1777;1777;1777;1777;1777;1777;1777;1777;1777;1777;1777;1777
17;TO;2012;379;379;379;379;379;379;379;379;379;379;379;379;379;379;379;379
16;AP;2012;253;253;253;253;253;253;253;253;253;253;253;253;253;253;253;253
15;PA;2012;3236;3236;3236;3236;3236;3236;3236;3236;3236;3236;3236;3236;3236;3236;3236;3236
14;RR;2012;144;144;144;144;144;144;144;144;144;144;144;144;144;144;144;144
13;AM;2012;1344;1344;1344;1344;1344;1344;1344;1344;1344;1344;1344;1344;1344;1344;1344;1344
12;AC;2012;208;208;208;208;208;208;208;208;208;208;208;208;208;208;208;208
11;RO;2012;526;526;526;526;526;526;526;526;526;526;526;526;526;526;526;526
53;DF;2012;954;954;954;954;954;954;954;954;954;954;954;954;954;954;954;954
52;GO;2012;2793;2793;2793;2793;2793;2793;2793;2793;2793;2793;2793;2793;2793;2793;2793;2793
51;MT;2012;1074;1074;1074;1074;1074;1074;1074;1074;1074;1074;1074;1074;1074;1074;1074;1074
50;MS;2012;683;683;683;683;683;683;683;683;683;683;683;683;683;683;683;683
43;RS;2012;2382;2382;2382;2382;2382;2382;2382;2382;2382;2382;2382;2382;2382;2382;2382;2382
42;SC;2012;821;821;821;821;821;821;821;821;821;821;821;821;821;821;821;821
41;PR;2012;3489;3489;3489;3489;3489;3489;3489;3489;3489;3489;3489;3489;3489;3489;3489;3489
35;SP;2012;6566;6566;6566;6566;6566;6566;6566;6566;6566;6566;6566;6566;6566;6566;6566;6566
33;RJ;2012;4772;4772;4772;4772;4772;4772;4772;4772;4772;4772;4772;4772;4772;4772;4772;4772
32;ES;2012;1667;1667;1667;1667;1667;1667;1667;1667;1667;1667;1667;1667;1667;1667;1667;1667
31;MG;2012;4562;4562;4562;4562;4562;4562;4562;4562;4562;4562;4562;4562;4562;4562;4562;4562
29;BA;2012;6148;6148;6148;6148;6148;6148;6148;6148;6148;6148;6148;6148;6148;6148;6148;6148
26;PE;2013;3124;3124;3124;3124;3124;3124;3124;3124;3124;3124;3124;3124;3124;3124;3124;3124
27;AL;2013;2148;2148;2148;2148;2148;2148;2148;2148;2148;2148;2148;2148;2148;2148;2148;2148
28;SE;2013;965;965;965;965;965;965;965;965;965;965;965;965;965;965;965;965
29;BA;2013;5694;5694;5694;5694;5694;5694;5694;5694;5694;5694;5694;5694;5694;5694;5694;5694
31;MG;2013;4717;4717;4717;4717;4717;4717;4717;4717;4717;4717;4717;4717;4717;4717;4717;4717
32;ES;2013;1622;1622;1622;1622;1622;1622;1622;1622;1622;1622;1622;1622;1622;1622;1622;1622
33;RJ;2013;5111;5111;5111;5111;5111;5111;5111;5111;5111;5111;5111;5111;5111;5111;5111;5111
35;SP;2013;6035;6035;6035;6035;6035;6035;6035;6035;6035;6035;6035;6035;6035;6035;6035;6035
41;PR;2013;2936;2936;2936;2936;2936;2936;2936;2936;2936;2936;2936;2936;2936;2936;2936;2936
42;SC;2013;789;789;789;789;789;789;789;789;789;789;789;789;789;789;789;789
43;RS;2013;2322;2322;2322;2322;2322;2322;2322;2322;2322;2322;2322;2322;2322;2322;2322;2322
50;MS;2013;630;630;630;630;630;630;630;630;630;630;630;630;630;630;630;630
51;MT;2013;1158;1158;1158;1158;1158;1158;1158;1158;1158;1158;1158;1158;1158;1158;1158;1158
52;GO;2013;2975;2975;2975;2975;2975;2975;2975;2975;2975;2975;2975;2975;2975;2975;2975;2975
53;DF;2013;837;837;837;837;837;837;837;837;837;837;837;837;837;837;837;837
11;RO;2013;483;483;483;483;483;483;483;483;483;483;483;483;483;483;483;483
12;AC;2013;234;234;234;234;234;234;234;234;234;234;234;234;234;234;234;234
13;AM;2013;1191;1191;1191;1191;1191;1191;1191;1191;1191;1191;1191;1191;1191;1191;1191;1191
14;RR;2013;214;214;214;214;214;214;214;214;214;214;214;214;214;214;214;214
15;PA;2013;3405;3405;3405;3405;3405;3405;3405;3405;3405;3405;3405;3405;3405;3405;3405;3405
16;AP;2013;225;225;225;225;225;225;225;225;225;225;225;225;225;225;225;225
17;TO;2013;349;349;349;349;349;349;349;349;349;349;349;349;349;349;349;349
21;MA;2013;2163;2163;2163;2163;2163;2163;2163;2163;2163;2163;2163;2163;2163;2163;2163;2163
22;PI;2013;598;598;598;598;598;598;598;598;598;598;598;598;598;598;598;598
23;CE;2013;4473;4473;4473;4473;4473;4473;4473;4473;4473;4473;4473;4473;4473;4473;4473;4473
24;RN;2013;1447;1447;1447;1447;1447;1447;1447;1447;1447;1447;1447;1447;1447;1447;1447;1447
25;PB;2013;1551;1551;1551;1551;1551;1551;1551;1551;1551;1551;1551;1551;1551;1551;1551;1551
27;AL;2014;2085;2085;2085;2085;2085;2085;2085;2085;2085;2085;2085;2085;2085;2085;2085;2085
53;DF;2014;843;843;843;843;843;843;843;843;843;843;843;843;843;843;843;843
52;GO;2014;2887;2887;2887;2887;2887;2887;2887;2887;2887;2887;2887;2887;2887;2887;2887;2887
25;PB;2014;1551;1551;1551;1551;1551;1551;1551;1551;1551;1551;1551;1551;1551;1551;1551;1551
24;RN;2014;1602;1602;1602;1602;1602;1602;1602;1602;1602;1602;1602;1602;1602;1602;1602;1602
23;CE;2014;4626;4626;4626;4626;4626;4626;4626;4626;4626;4626;4626;4626;4626;4626;4626;4626
22;PI;2014;717;717;717;717;717;717;717;717;717;717;717;717;717;717;717;717
21;MA;2014;2462;2462;2462;2462;2462;2462;2462;2462;2462;2462;2462;2462;2462;2462;2462;2462
17;TO;2014;381;381;381;381;381;381;381;381;381;381;381;381;381;381;381;381
16;AP;2014;256;256;256;256;256;256;256;256;256;256;256;256;256;256;256;256
15;PA;2014;3446;3446;3446;3446;3446;3446;3446;3446;3446;3446;3446;3446;3446;3446;3446;3446
14;RR;2014;158;158;158;158;158;158;158;158;158;158;158;158;158;158;158;158
13;AM;2014;1240;1240;1240;1240;1240;1240;1240;1240;1240;1240;1240;1240;1240;1240;1240;1240
12;AC;2014;232;232;232;232;232;232;232;232;232;232;232;232;232;232;232;232
11;RO;2014;578;578;578;578;578;578;578;578;578;578;578;578;578;578;578;578
51;MT;2014;1358;1358;1358;1358;1358;1358;1358;1358;1358;1358;1358;1358;1358;1358;1358;1358
50;MS;2014;700;700;700;700;700;700;700;700;700;700;700;700;700;700;700;700
43;RS;2014;2724;2724;2724;2724;2724;2724;2724;2724;2724;2724;2724;2724;2724;2724;2724;2724
42;SC;2014;905;905;905;905;905;905;905;905;905;905;905;905;905;905;905;905
41;PR;2014;2980;2980;2980;2980;2980;2980;2980;2980;2980;2980;2980;2980;2980;2980;2980;2980
35;SP;2014;6185;6185;6185;6185;6185;6185;6185;6185;6185;6185;6185;6185;6185;6185;6185;6185
33;RJ;2014;5718;5718;5718;5718;5718;5718;5718;5718;5718;5718;5718;5718;5718;5718;5718;5718
32;ES;2014;1609;1609;1609;1609;1609;1609;1609;1609;1609;1609;1609;1609;1609;1609;1609;1609
26;PE;2014;3358;3358;3358;3358;3358;3358;3358;3358;3358;3358;3358;3358;3358;3358;3358;3358
31;MG;2014;4724;4724;4724;4724;4724;4724;4724;4724;4724;4724;4724;4724;4724;4724;4724;4724
29;BA;2014;6052;6052;6052;6052;6052;6052;6052;6052;6052;6052;6052;6052;6052;6052;6052;6052
28;SE;2014;1097;1097;1097;1097;1097;1097;1097;1097;1097;1097;1097;1097;1097;1097;1097;1097
33;RJ;2015;5067;5067;5067;5067;5067;5067;5067;5067;5067;5067;5067;5067;5067;5067;5067;5067
11;RO;2015;600;600;600;600;600;600;600;600;600;600;600;600;600;600;600;600
12;AC;2015;217;217;217;217;217;217;217;217;217;217;217;217;217;217;217;217
13;AM;2015;1472;1472;1472;1472;1472;1472;1472;1472;1472;1472;1472;1472;1472;1472;1472;1472
14;RR;2015;203;203;203;203;203;203;203;203;203;203;203;203;203;203;203;203
15;PA;2015;3675;3675;3675;3675;3675;3675;3675;3675;3675;3675;3675;3675;3675;3675;3675;3675
16;AP;2015;293;293;293;293;293;293;293;293;293;293;293;293;293;293;293;293
17;TO;2015;503;503;503;503;503;503;503;503;503;503;503;503;503;503;503;503
21;MA;2015;2438;2438;2438;2438;2438;2438;2438;2438;2438;2438;2438;2438;2438;2438;2438;2438
22;PI;2015;650;650;650;650;650;650;650;650;650;650;650;650;650;650;650;650
23;CE;2015;4163;4163;4163;4163;4163;4163;4163;4163;4163;4163;4163;4163;4163;4163;4163;4163
24;RN;2015;1545;1545;1545;1545;1545;1545;1545;1545;1545;1545;1545;1545;1545;1545;1545;1545
25;PB;2015;1522;1522;1522;1522;1522;1522;1522;1522;1522;1522;1522;1522;1522;1522;1522;1522
26;PE;2015;3847;3847;3847;3847;3847;3847;3847;3847;3847;3847;3847;3847;3847;3847;3847;3847
27;AL;2015;1748;1748;1748;1748;1748;1748;1748;1748;1748;1748;1748;1748;1748;1748;1748;1748
28;SE;2015;1303;1303;1303;1303;1303;1303;1303;1303;1303;1303;1303;1303;1303;1303;1303;1303
29;BA;2015;6012;6012;6012;6012;6012;6012;6012;6012;6012;6012;6012;6012;6012;6012;6012;6012
31;MG;2015;4532;4532;4532;4532;4532;4532;4532;4532;4532;4532;4532;4532;4532;4532;4532;4532
32;ES;2015;1450;1450;1450;1450;1450;1450;1450;1450;1450;1450;1450;1450;1450;1450;1450;1450
35;SP;2015;5427;5427;5427;5427;5427;5427;5427;5427;5427;5427;5427;5427;5427;5427;5427;5427
41;PR;2015;2936;2936;2936;2936;2936;2936;2936;2936;2936;2936;2936;2936;2936;2936;2936;2936
42;SC;2015;957;957;957;957;957;957;957;957;957;957;957;957;957;957;957;957
43;RS;2015;2944;2944;2944;2944;2944;2944;2944;2944;2944;2944;2944;2944;2944;2944;2944;2944
50;MS;2015;634;634;634;634;634;634;634;634;634;634;634;634;634;634;634;634
51;MT;2015;1203;1203;1203;1203;1203;1203;1203;1203;1203;1203;1203;1203;1203;1203;1203;1203
52;GO;2015;2997;2997;2997;2997;2997;2997;2997;2997;2997;2997;2997;2997;2997;2997;2997;2997
53;DF;2015;742;742;742;742;742;742;742;742;742;742;742;742;742;742;742;742
16;AP;2016;381;381;381;381;381;381;381;381;381;381;381;381;381;381;381;381
17;TO;2016;577;577;577;577;577;577;577;577;577;577;577;577;577;577;577;577
21;MA;2016;2408;2408;2408;2408;2408;2408;2408;2408;2408;2408;2408;2408;2408;2408;2408;2408
22;PI;2016;701;701;701;701;701;701;701;701;701;701;701;701;701;701;701;701
23;CE;2016;3642;3642;3642;3642;3642;3642;3642;3642;3642;3642;3642;3642;3642;3642;3642;3642
24;RN;2016;1854;1854;1854;1854;1854;1854;1854;1854;1854;1854;1854;1854;1854;1854;1854;1854
25;PB;2016;1355;1355;1355;1355;1355;1355;1355;1355;1355;1355;1355;1355;1355;1355;1355;1355
26;PE;2016;4447;4447;4447;4447;4447;4447;4447;4447;4447;4447;4447;4447;4447;4447;4447;4447
27;AL;2016;1820;1820;1820;1820;1820;1820;1820;1820;1820;1820;1820;1820;1820;1820;1820;1820
28;SE;2016;1465;1465;1465;1465;1465;1465;1465;1465;1465;1465;1465;1465;1465;1465;1465;1465
29;BA;2016;7171;7171;7171;7171;7171;7171;7171;7171;7171;7171;7171;7171;7171;7171;7171;7171
31;MG;2016;4622;4622;4622;4622;4622;4622;4622;4622;4622;4622;4622;4622;4622;4622;4622;4622
32;ES;2016;1270;1270;1270;1270;1270;1270;1270;1270;1270;1270;1270;1270;1270;1270;1270;1270
33;RJ;2016;6053;6053;6053;6053;6053;6053;6053;6053;6053;6053;6053;6053;6053;6053;6053;6053
35;SP;2016;4870;4870;4870;4870;4870;4870;4870;4870;4870;4870;4870;4870;4870;4870;4870;4870
41;PR;2016;3080;3080;3080;3080;3080;3080;3080;3080;3080;3080;3080;3080;3080;3080;3080;3080
42;SC;2016;984;984;984;984;984;984;984;984;984;984;984;984;984;984;984;984
43;RS;2016;3225;3225;3225;3225;3225;3225;3225;3225;3225;3225;3225;3225;3225;3225;3225;3225
50;MS;2016;671;671;671;671;671;671;671;671;671;671;671;671;671;671;671;671
51;MT;2016;1180;1180;1180;1180;1180;1180;1180;1180;1180;1180;1180;1180;1180;1180;1180;1180
52;GO;2016;3036;3036;3036;3036;3036;3036;3036;3036;3036;3036;3036;3036;3036;3036;3036;3036
53;DF;2016;760;760;760;760;760;760;760;760;760;760;760;760;760;760;760;760
15;PA;2016;4223;4223;4223;4223;4223;4223;4223;4223;4223;4223;4223;4223;4223;4223;4223;4223
14;RR;2016;204;204;204;204;204;204;204;204;204;204;204;204;204;204;204;204
13;AM;2016;1452;1452;1452;1452;1452;1452;1452;1452;1452;1452;1452;1452;1452;1452;1452;1452
12;AC;2016;363;363;363;363;363;363;363;363;363;363;363;363;363;363;363;363
11;RO;2016;703;703;703;703;703;703;703;703;703;703;703;703;703;703;703;703
28;SE;2017;1313;1313;1313;1313;1313;1313;1313;1313;1313;1313;1313;1313;1313;1313;1313;1313
53;DF;2017;610;610;610;610;610;610;610;610;610;610;610;610;610;610;610;610
52;GO;2017;2901;2901;2901;2901;2901;2901;2901;2901;2901;2901;2901;2901;2901;2901;2901;2901
51;MT;2017;1102;1102;1102;1102;1102;1102;1102;1102;1102;1102;1102;1102;1102;1102;1102;1102
50;MS;2017;659;659;659;659;659;659;659;659;659;659;659;659;659;659;659;659
43;RS;2017;3316;3316;3316;3316;3316;3316;3316;3316;3316;3316;3316;3316;3316;3316;3316;3316
42;SC;2017;1066;1066;1066;1066;1066;1066;1066;1066;1066;1066;1066;1066;1066;1066;1066;1066
41;PR;2017;2759;2759;2759;2759;2759;2759;2759;2759;2759;2759;2759;2759;2759;2759;2759;2759
35;SP;2017;4631;4631;4631;4631;4631;4631;4631;4631;4631;4631;4631;4631;4631;4631;4631;4631
33;RJ;2017;6416;6416;6416;6416;6416;6416;6416;6416;6416;6416;6416;6416;6416;6416;6416;6416
32;ES;2017;1521;1521;1521;1521;1521;1521;1521;1521;1521;1521;1521;1521;1521;1521;1521;1521
31;MG;2017;4299;4299;4299;4299;4299;4299;4299;4299;4299;4299;4299;4299;4299;4299;4299;4299
29;BA;2017;7487;7487;7487;7487;7487;7487;7487;7487;7487;7487;7487;7487;7487;7487;7487;7487
27;AL;2017;1813;1813;1813;1813;1813;1813;1813;1813;1813;1813;1813;1813;1813;1813;1813;1813
26;PE;2017;5419;5419;5419;5419;5419;5419;5419;5419;5419;5419;5419;5419;5419;5419;5419;5419
25;PB;2017;1341;1341;1341;1341;1341;1341;1341;1341;1341;1341;1341;1341;1341;1341;1341;1341
24;RN;2017;2203;2203;2203;2203;2203;2203;2203;2203;2203;2203;2203;2203;2203;2203;2203;2203
23;CE;2017;5433;5433;5433;5433;5433;5433;5433;5433;5433;5433;5433;5433;5433;5433;5433;5433
22;PI;2017;626;626;626;626;626;626;626;626;626;626;626;626;626;626;626;626
21;MA;2017;2180;2180;2180;2180;2180;2180;2180;2180;2180;2180;2180;2180;2180;2180;2180;2180
17;TO;2017;557;557;557;557;557;557;557;557;557;557;557;557;557;557;557;557
16;AP;2017;383;383;383;383;383;383;383;383;383;383;383;383;383;383;383;383
15;PA;2017;4575;4575;4575;4575;4575;4575;4575;4575;4575;4575;4575;4575;4575;4575;4575;4575
14;RR;2017;248;248;248;248;248;248;248;248;248;248;248;248;248;248;248;248
13;AM;2017;1674;1674;1674;1674;1674;1674;1674;1674;1674;1674;1674;1674;1674;1674;1674;1674
12;AC;2017;516;516;516;516;516;516;516;516;516;516;516;516;516;516;516;516
11;RO;2017;554;554;554;554;554;554;554;554;554;554;554;554;554;554;554;554
42;SC;2018;843;843;843;843;843;843;843;843;843;843;843;843;843;843;843;843
43;RS;2018;2699;2699;2699;2699;2699;2699;2699;2699;2699;2699;2699;2699;2699;2699;2699;2699
50;MS;2018;572;572;572;572;572;572;572;572;572;572;572;572;572;572;572;572
51;MT;2018;989;989;989;989;989;989;989;989;989;989;989;989;989;989;989;989
52;GO;2018;2675;2675;2675;2675;2675;2675;2675;2675;2675;2675;2675;2675;2675;2675;2675;2675
53;DF;2018;530;530;530;530;530;530;530;530;530;530;530;530;530;530;530;530
17;TO;2018;570;570;570;570;570;570;570;570;570;570;570;570;570;570;570;570
21;MA;2018;1982;1982;1982;1982;1982;1982;1982;1982;1982;1982;1982;1982;1982;1982;1982;1982
22;PI;2018;619;619;619;619;619;619;619;619;619;619;619;619;619;619;619;619
23;CE;2018;4900;4900;4900;4900;4900;4900;4900;4900;4900;4900;4900;4900;4900;4900;4900;4900
24;RN;2018;1825;1825;1825;1825;1825;1825;1825;1825;1825;1825;1825;1825;1825;1825;1825;1825
25;PB;2018;1244;1244;1244;1244;1244;1244;1244;1244;1244;1244;1244;1244;1244;1244;1244;1244
26;PE;2018;4190;4190;4190;4190;4190;4190;4190;4190;4190;4190;4190;4190;4190;4190;4190;4190
11;RO;2018;476;476;476;476;476;476;476;476;476;476;476;476;476;476;476;476
27;AL;2018;1441;1441;1441;1441;1441;1441;1441;1441;1441;1441;1441;1441;1441;1441;1441;1441
28;SE;2018;1133;1133;1133;1133;1133;1133;1133;1133;1133;1133;1133;1133;1133;1133;1133;1133
29;BA;2018;6787;6787;6787;6787;6787;6787;6787;6787;6787;6787;6787;6787;6787;6787;6787;6787
31;MG;2018;3372;3372;3372;3372;3372;3372;3372;3372;3372;3372;3372;3372;3372;3372;3372;3372
32;ES;2018;1165;1165;1165;1165;1165;1165;1165;1165;1165;1165;1165;1165;1165;1165;1165;1165
33;RJ;2018;6455;6455;6455;6455;6455;6455;6455;6455;6455;6455;6455;6455;6455;6455;6455;6455
35;SP;2018;3727;3727;3727;3727;3727;3727;3727;3727;3727;3727;3727;3727;3727;3727;3727;3727
12;AC;2018;409;409;409;409;409;409;409;409;409;409;409;409;409;409;409;409
13;AM;2018;1542;1542;1542;1542;1542;1542;1542;1542;1542;1542;1542;1542;1542;1542;1542;1542
14;RR;2018;414;414;414;414;414;414;414;414;414;414;414;414;414;414;414;414
15;PA;2018;4528;4528;4528;4528;4528;4528;4528;4528;4528;4528;4528;4528;4528;4528;4528;4528
16;AP;2018;426;426;426;426;426;426;426;426;426;426;426;426;426;426;426;426
41;PR;2018;2443;2443;2443;2443;2443;2443;2443;2443;2443;2443;2443;2443;2443;2443;2443;2443
53;DF;2019;480;480;480;480;480;480;480;480;480;480;480;480;480;480;480;480
11;RO;2019;447;447;447;447;447;447;447;447;447;447;447;447;447;447;447;447
12;AC;2019;325;325;325;325;325;325;325;325;325;325;325;325;325;325;325;325
13;AM;2019;1592;1592;1592;1592;1592;1592;1592;1592;1592;1592;1592;1592;1592;1592;1592;1592
14;RR;2019;234;234;234;234;234;234;234;234;234;234;234;234;234;234;234;234
15;PA;2019;3405;3405;3405;3405;3405;3405;3405;3405;3405;3405;3405;3405;3405;3405;3405;3405
16;AP;2019;361;361;361;361;361;361;361;361;361;361;361;361;361;361;361;361
17;TO;2019;456;456;456;456;456;456;456;456;456;456;456;456;456;456;456;456
21;MA;2019;1704;1704;1704;1704;1704;1704;1704;1704;1704;1704;1704;1704;1704;1704;1704;1704
22;PI;2019;569;569;569;569;569;569;569;569;569;569;569;569;569;569;569;569
23;CE;2019;2417;2417;2417;2417;2417;2417;2417;2417;2417;2417;2417;2417;2417;2417;2417;2417
24;RN;2019;1346;1346;1346;1346;1346;1346;1346;1346;1346;1346;1346;1346;1346;1346;1346;1346
25;PB;2019;953;953;953;953;953;953;953;953;953;953;953;953;953;953;953;953
26;PE;2019;3474;3474;3474;3474;3474;3474;3474;3474;3474;3474;3474;3474;3474;3474;3474;3474
27;AL;2019;1115;1115;1115;1115;1115;1115;1115;1115;1115;1115;1115;1115;1115;1115;1115;1115
28;SE;2019;973;973;973;973;973;973;973;973;973;973;973;973;973;973;973;973
29;BA;2019;6118;6118;6118;6118;6118;6118;6118;6118;6118;6118;6118;6118;6118;6118;6118;6118
31;MG;2019;2893;2893;2893;2893;2893;2893;2893;2893;2893;2893;2893;2893;2893;2893;2893;2893
32;ES;2019;1043;1043;1043;1043;1043;1043;1043;1043;1043;1043;1043;1043;1043;1043;1043;1043
33;RJ;2019;3552;3552;3552;3552;3552;3552;3552;3552;3552;3552;3552;3552;3552;3552;3552;3552
35;SP;2019;3361;3361;3361;3361;3361;3361;3361;3361;3361;3361;3361;3361;3361;3361;3361;3361
41;PR;2019;2095;2095;2095;2095;2095;2095;2095;2095;2095;2095;2095;2095;2095;2095;2095;2095
42;SC;2019;767;767;767;767;767;767;767;767;767;767;767;767;767;767;767;767
43;RS;2019;2184;2184;2184;2184;2184;2184;2184;2184;2184;2184;2184;2184;2184;2184;2184;2184
50;MS;2019;491;491;491;491;491;491;491;491;491;491;491;491;491;491;491;491
51;MT;2019;895;895;895;895;895;895;895;895;895;895;895;895;895;895;895;895
52;GO;2019;2253;2253;2253;2253;2253;2253;2253;2253;2253;2253;2253;2253;2253;2253;2253;2253
53;DF;2020;453;453;453;453;453;453;453;453;453;453;453;453;453;453;453;453
11;RO;2020;456;456;456;456;456;456;456;456;456;456;456;456;456;456;456;456
12;AC;2020;304;304;304;304;304;304;304;304;304;304;304;304;304;304;304;304
13;AM;2020;1326;1326;1326;1326;1326;1326;1326;1326;1326;1326;1326;1326;1326;1326;1326;1326
14;RR;2020;237;237;237;237;237;237;237;237;237;237;237;237;237;237;237;237
15;PA;2020;2809;2809;2809;2809;2809;2809;2809;2809;2809;2809;2809;2809;2809;2809;2809;2809
16;AP;2020;387;387;387;387;387;387;387;387;387;387;387;387;387;387;387;387
17;TO;2020;484;484;484;484;484;484;484;484;484;484;484;484;484;484;484;484
21;MA;2020;2103;2103;2103;2103;2103;2103;2103;2103;2103;2103;2103;2103;2103;2103;2103;2103
22;PI;2020;674;674;674;674;674;674;674;674;674;674;674;674;674;674;674;674
23;CE;2020;3992;3992;3992;3992;3992;3992;3992;3992;3992;3992;3992;3992;3992;3992;3992;3992
24;RN;2020;1406;1406;1406;1406;1406;1406;1406;1406;1406;1406;1406;1406;1406;1406;1406;1406
25;PB;2020;1141;1141;1141;1141;1141;1141;1141;1141;1141;1141;1141;1141;1141;1141;1141;1141
26;PE;2020;3786;3786;3786;3786;3786;3786;3786;3786;3786;3786;3786;3786;3786;3786;3786;3786
27;AL;2020;1292;1292;1292;1292;1292;1292;1292;1292;1292;1292;1292;1292;1292;1292;1292;1292
28;SE;2020;981;981;981;981;981;981;981;981;981;981;981;981;981;981;981;981
29;BA;2020;7076;7076;7076;7076;7076;7076;7076;7076;7076;7076;7076;7076;7076;7076;7076;7076
31;MG;2020;2743;2743;2743;2743;2743;2743;2743;2743;2743;2743;2743;2743;2743;2743;2743;2743
32;ES;2020;1229;1229;1229;1229;1229;1229;1229;1229;1229;1229;1229;1229;1229;1229;1229;1229
33;RJ;2020;4831;4831;4831;4831;4831;4831;4831;4831;4831;4831;4831;4831;4831;4831;4831;4831
35;SP;2020;3396;3396;3396;3396;3396;3396;3396;3396;3396;3396;3396;3396;3396;3396;3396;3396
41;PR;2020;2281;2281;2281;2281;2281;2281;2281;2281;2281;2281;2281;2281;2281;2281;2281;2281
42;SC;2020;732;732;732;732;732;732;732;732;732;732;732;732;732;732;732;732
43;RS;2020;2094;2094;2094;2094;2094;2094;2094;2094;2094;2094;2094;2094;2094;2094;2094;2094
50;MS;2020;491;491;491;491;491;491;491;491;491;491;491;491;491;491;491;491
51;MT;2020;987;987;987;987;987;987;987;987;987;987;987;987;987;987;987;987
52;GO;2020;2177;2177;2177;2177;2177;2177;2177;2177;2177;2177;2177;2177;2177;2177;2177;2177
16;AP;2021;462;462;462;462;462;462;462;462;462;462;462;462;462;462;462;462
11;RO;2021;536;536;536;536;536;536;536;536;536;536;536;536;536;536;536;536
12;AC;2021;205;205;205;205;205;205;205;205;205;205;205;205;205;205;205;205
13;AM;2021;1816;1816;1816;1816;1816;1816;1816;1816;1816;1816;1816;1816;1816;1816;1816;1816
14;RR;2021;258;258;258;258;258;258;258;258;258;258;258;258;258;258;258;258
15;PA;2021;2847;2847;2847;2847;2847;2847;2847;2847;2847;2847;2847;2847;2847;2847;2847;2847
52;GO;2021;1812;1812;1812;1812;1812;1812;1812;1812;1812;1812;1812;1812;1812;1812;1812;1812
51;MT;2021;888;888;888;888;888;888;888;888;888;888;888;888;888;888;888;888
50;MS;2021;551;551;551;551;551;551;551;551;551;551;551;551;551;551;551;551
43;RS;2021;1889;1889;1889;1889;1889;1889;1889;1889;1889;1889;1889;1889;1889;1889;1889;1889
42;SC;2021;712;712;712;712;712;712;712;712;712;712;712;712;712;712;712;712
41;PR;2021;2348;2348;2348;2348;2348;2348;2348;2348;2348;2348;2348;2348;2348;2348;2348;2348
35;SP;2021;3094;3094;3094;3094;3094;3094;3094;3094;3094;3094;3094;3094;3094;3094;3094;3094
33;RJ;2021;4693;4693;4693;4693;4693;4693;4693;4693;4693;4693;4693;4693;4693;4693;4693;4693
32;ES;2021;1253;1253;1253;1253;1253;1253;1253;1253;1253;1253;1253;1253;1253;1253;1253;1253
31;MG;2021;2577;2577;2577;2577;2577;2577;2577;2577;2577;2577;2577;2577;2577;2577;2577;2577
29;BA;2021;7206;7206;7206;7206;7206;7206;7206;7206;7206;7206;7206;7206;7206;7206;7206;7206
28;SE;2021;790;790;790;790;790;790;790;790;790;790;790;790;790;790;790;790
27;AL;2021;1070;1070;1070;1070;1070;1070;1070;1070;1070;1070;1070;1070;1070;1070;1070;1070
26;PE;2021;3439;3439;3439;3439;3439;3439;3439;3439;3439;3439;3439;3439;3439;3439;3439;3439
25;PB;2021;1144;1144;1144;1144;1144;1144;1144;1144;1144;1144;1144;1144;1144;1144;1144;1144
24;RN;2021;1179;1179;1179;1179;1179;1179;1179;1179;1179;1179;1179;1179;1179;1179;1179;1179
23;CE;2021;3471;3471;3471;3471;3471;3471;3471;3471;3471;3471;3471;3471;3471;3471;3471;3471
22;PI;2021;766;766;766;766;766;766;766;766;766;766;766;766;766;766;766;766
21;MA;2021;1999;1999;1999;1999;1999;1999;1999;1999;1999;1999;1999;1999;1999;1999;1999;1999
17;TO;2021;441;441;441;441;441;441;441;441;441;441;441;441;441;441;441;441
53;DF;2021;401;401;401;401;401;401;401;401;401;401;401;401;401;401;401;401
